Name,URL
Павло Загребельний,https://uk.wikipedia.org/wiki/%D0%97%D0%B0%D0%B3%D1%80%D0%B5%D0%B1%D0%B5%D0%BB%D1%8C%D0%BD%D0%B8%D0%B9_%D0%9F%D0%B0%D0%B2%D0%BB%D0%BE_%D0%90%D1%80%D1%85%D0%B8%D0%BF%D0%BE%D0%B2%D0%B8%D1%87
Віктор Шовкун,https://uk.wikipedia.org/wiki/%D0%A8%D0%BE%D0%B2%D0%BA%D1%83%D0%BD_%D0%92%D1%96%D0%BA%D1%82%D0%BE%D1%80_%D0%99%D0%BE%D1%81%D0%B8%D0%BF%D0%BE%D0%B2%D0%B8%D1%87
Михайло Грушевський,https://uk.wikipedia.org/wiki/%D0%93%D1%80%D1%83%D1%88%D0%B5%D0%B2%D1%81%D1%8C%D0%BA%D0%B8%D0%B9_%D0%9C%D0%B8%D1%85%D0%B0%D0%B9%D0%BB%D0%BE_%D0%A1%D0%B5%D1%80%D0%B3%D1%96%D0%B9%D0%BE%D0%B2%D0%B8%D1%87
Іван Франко,https://uk.wikipedia.org/wiki/%D0%A4%D1%80%D0%B0%D0%BD%D0%BA%D0%BE_%D0%86%D0%B2%D0%B0%D0%BD_%D0%AF%D0%BA%D0%BE%D0%B2%D0%B8%D1%87
Анатоль Перепадя,https://uk.wikipedia.org/wiki/%D0%9F%D0%B5%D1%80%D0%B5%D0%BF%D0%B0%D0%B4%D1%8F_%D0%90%D0%BD%D0%B0%D1%82%D0%BE%D0%BB%D1%8C_%D0%9E%D0%BB%D0%B5%D0%BA%D1%81%D1%96%D0%B9%D0%BE%D0%B2%D0%B8%D1%87
Наталя Тисовська,https://uk.wikipedia.org/wiki/%D0%A2%D0%B8%D1%81%D0%BE%D0%B2%D1%81%D1%8C%D0%BA%D0%B0_%D0%9D%D0%B0%D1%82%D0%B0%D0%BB%D1%8F_%D0%86%D0%B3%D0%BE%D1%80%D1%96%D0%B2%D0%BD%D0%B0
Євген Попович,https://uk.wikipedia.org/wiki/%D0%9F%D0%BE%D0%BF%D0%BE%D0%B2%D0%B8%D1%87_%D0%84%D0%B2%D0%B3%D0%B5%D0%BD_%D0%9E%D0%BA%D1%81%D0%B5%D0%BD%D1%82%D0%BE%D0%B2%D0%B8%D1%87
Олекса Логвиненко,https://uk.wikipedia.org/wiki/%D0%9B%D0%BE%D0%B3%D0%B2%D0%B8%D0%BD%D0%B5%D0%BD%D0%BA%D0%BE_%D0%9E%D0%BB%D0%B5%D0%BA%D1%81%D1%96%D0%B9_%D0%9F%D0%BE%D1%82%D0%B0%D0%BF%D0%BE%D0%B2%D0%B8%D1%87
Валерій Шевчук,https://uk.wikipedia.org/wiki/%D0%A8%D0%B5%D0%B2%D1%87%D1%83%D0%BA_%D0%92%D0%B0%D0%BB%D0%B5%D1%80%D1%96%D0%B9_%D0%9E%D0%BB%D0%B5%D0%BA%D1%81%D0%B0%D0%BD%D0%B4%D1%80%D0%BE%D0%B2%D0%B8%D1%87
Андрій Кокотюха,https://uk.wikipedia.org/wiki/%D0%9A%D0%BE%D0%BA%D0%BE%D1%82%D1%8E%D1%85%D0%B0_%D0%90%D0%BD%D0%B4%D1%80%D1%96%D0%B9_%D0%90%D0%BD%D0%B0%D1%82%D0%BE%D0%BB%D1%96%D0%B9%D0%BE%D0%B2%D0%B8%D1%87
Леся Українка,https://uk.wikipedia.org/wiki/%D0%9B%D0%B5%D1%81%D1%8F_%D0%A3%D0%BA%D1%80%D0%B0%D1%97%D0%BD%D0%BA%D0%B0
Юрій Лісняк,https://uk.wikipedia.org/wiki/%D0%9B%D1%96%D1%81%D0%BD%D1%8F%D0%BA_%D0%AE%D1%80%D1%96%D0%B9_%D0%AF%D0%BA%D0%BE%D0%B2%D0%B8%D1%87
Володимир Митрофанов,
Ольга Сенюк,https://uk.wikipedia.org/wiki/%D0%A1%D0%B5%D0%BD%D1%8E%D0%BA_%D0%9E%D0%BB%D1%8C%D0%B3%D0%B0_%D0%94%D0%BC%D0%B8%D1%82%D1%80%D1%96%D0%B2%D0%BD%D0%B0
Роман Іваничук,https://uk.wikipedia.org/wiki/%D0%86%D0%B2%D0%B0%D0%BD%D0%B8%D1%87%D1%83%D0%BA_%D0%A0%D0%BE%D0%BC%D0%B0%D0%BD_%D0%86%D0%B2%D0%B0%D0%BD%D0%BE%D0%B2%D0%B8%D1%87
Володимир Винниченко,https://uk.wikipedia.org/wiki/%D0%92%D0%B8%D0%BD%D0%BD%D0%B8%D1%87%D0%B5%D0%BD%D0%BA%D0%BE_%D0%92%D0%BE%D0%BB%D0%BE%D0%B4%D0%B8%D0%BC%D0%B8%D1%80_%D0%9A%D0%B8%D1%80%D0%B8%D0%BB%D0%BE%D0%B2%D0%B8%D1%87
Юрій Винничук,https://uk.wikipedia.org/wiki/%D0%92%D0%B8%D0%BD%D0%BD%D0%B8%D1%87%D1%83%D0%BA_%D0%AE%D1%80%D1%96%D0%B9_%D0%9F%D0%B0%D0%B2%D0%BB%D0%BE%D0%B2%D0%B8%D1%87
Олесь Бердник,https://uk.wikipedia.org/wiki/%D0%91%D0%B5%D1%80%D0%B4%D0%BD%D0%B8%D0%BA_%D0%9E%D0%BB%D0%B5%D1%81%D1%8C_%D0%9F%D0%B0%D0%B2%D0%BB%D0%BE%D0%B2%D0%B8%D1%87
Ростислав Самбук,https://uk.wikipedia.org/wiki/%D0%A1%D0%B0%D0%BC%D0%B1%D1%83%D0%BA_%D0%A0%D0%BE%D1%81%D1%82%D0%B8%D1%81%D0%BB%D0%B0%D0%B2_%D0%A4%D0%B5%D0%BE%D0%B4%D0%BE%D1%81%D1%96%D0%B9%D0%BE%D0%B2%D0%B8%D1%87
Улас Самчук,https://uk.wikipedia.org/wiki/%D0%A1%D0%B0%D0%BC%D1%87%D1%83%D0%BA_%D0%A3%D0%BB%D0%B0%D1%81_%D0%9E%D0%BB%D0%B5%D0%BA%D1%81%D1%96%D0%B9%D0%BE%D0%B2%D0%B8%D1%87
Галина Пагутяк,https://uk.wikipedia.org/wiki/%D0%9F%D0%B0%D0%B3%D1%83%D1%82%D1%8F%D0%BA_%D0%93%D0%B0%D0%BB%D0%B8%D0%BD%D0%B0_%D0%92%D0%B0%D1%81%D0%B8%D0%BB%D1%96%D0%B2%D0%BD%D0%B0
Владислав Івченко,
Петро Таращук,https://uk.wikipedia.org/wiki/%D0%A2%D0%B0%D1%80%D0%B0%D1%89%D1%83%D0%BA_%D0%9F%D0%B5%D1%82%D1%80%D0%BE_%D0%92%D1%81%D0%B5%D0%B2%D0%BE%D0%BB%D0%BE%D0%B4%D0%BE%D0%B2%D0%B8%D1%87
Андрій Кондратюк,
Валентин Чемерис,https://uk.wikipedia.org/wiki/%D0%A7%D0%B5%D0%BC%D0%B5%D1%80%D0%B8%D1%81_%D0%92%D0%B0%D0%BB%D0%B5%D0%BD%D1%82%D0%B8%D0%BD_%D0%9B%D1%83%D0%BA%D0%B8%D1%87
Дмитро Андрухів,
Олексій Волков,https://uk.wikipedia.org/wiki/%D0%9E%D0%BB%D0%B5%D0%BA%D1%81%D1%96%D0%B9_%D0%92%D0%BE%D0%BB%D0%BA%D0%BE%D0%B2
Ростислав Доценко,https://uk.wikipedia.org/wiki/%D0%94%D0%BE%D1%86%D0%B5%D0%BD%D0%BA%D0%BE_%D0%A0%D0%BE%D1%81%D1%82%D0%B8%D1%81%D0%BB%D0%B0%D0%B2_%D0%86%D0%B2%D0%B0%D0%BD%D0%BE%D0%B2%D0%B8%D1%87
Ірина Вільде,https://uk.wikipedia.org/wiki/%D0%86%D1%80%D0%B8%D0%BD%D0%B0_%D0%92%D1%96%D0%BB%D1%8C%D0%B4%D0%B5
Олександр Мокровольський,https://uk.wikipedia.org/wiki/%D0%9C%D0%BE%D0%BA%D1%80%D0%BE%D0%B2%D0%BE%D0%BB%D1%8C%D1%81%D1%8C%D0%BA%D0%B8%D0%B9_%D0%9E%D0%BB%D0%B5%D0%BA%D1%81%D0%B0%D0%BD%D0%B4%D1%80_%D0%9C%D0%B8%D0%BA%D0%BE%D0%BB%D0%B0%D0%B9%D0%BE%D0%B2%D0%B8%D1%87
Володимир Лис,https://uk.wikipedia.org/wiki/%D0%9B%D0%B8%D1%81_%D0%92%D0%BE%D0%BB%D0%BE%D0%B4%D0%B8%D0%BC%D0%B8%D1%80_%D0%A1%D0%B0%D0%B2%D0%BE%D0%B2%D0%B8%D1%87
Світлана Талан,https://uk.wikipedia.org/wiki/%D0%A2%D0%B0%D0%BB%D0%B0%D0%BD_%D0%A1%D0%B2%D1%96%D1%82%D0%BB%D0%B0%D0%BD%D0%B0_%D0%9E%D0%BB%D0%B5%D0%B3%D1%96%D0%B2%D0%BD%D0%B0
Андрій Чайковський,https://uk.wikipedia.org/wiki/%D0%A7%D0%B0%D0%B9%D0%BA%D0%BE%D0%B2%D1%81%D1%8C%D0%BA%D0%B8%D0%B9_%D0%90%D0%BD%D0%B4%D1%80%D1%96%D0%B9_%D0%AF%D0%BA%D0%BE%D0%B2%D0%B8%D1%87
Іван Білик,https://uk.wikipedia.org/wiki/%D0%91%D1%96%D0%BB%D0%B8%D0%BA_%D0%86%D0%B2%D0%B0%D0%BD
Олесь Гончар,https://uk.wikipedia.org/wiki/%D0%93%D0%BE%D0%BD%D1%87%D0%B0%D1%80_%D0%9E%D0%BB%D0%B5%D1%81%D1%8C_%D0%A2%D0%B5%D1%80%D0%B5%D0%BD%D1%82%D1%96%D0%B9%D0%BE%D0%B2%D0%B8%D1%87
Олег Авраменко,https://uk.wikipedia.org/wiki/%D0%90%D0%B2%D1%80%D0%B0%D0%BC%D0%B5%D0%BD%D0%BA%D0%BE_%D0%9E%D0%BB%D0%B5%D0%B3_%D0%84%D0%B2%D0%B3%D0%B5%D0%BD%D0%BE%D0%B2%D0%B8%D1%87
Віктор Морозов,https://uk.wikipedia.org/wiki/%D0%9C%D0%BE%D1%80%D0%BE%D0%B7%D0%BE%D0%B2_%D0%92%D1%96%D0%BA%D1%82%D0%BE%D1%80_%D0%84%D0%B2%D0%B3%D0%B5%D0%BD%D0%BE%D0%B2%D0%B8%D1%87
Максим Кідрук,https://uk.wikipedia.org/wiki/%D0%9A%D1%96%D0%B4%D1%80%D1%83%D0%BA_%D0%9C%D0%B0%D0%BA%D1%81%D0%B8%D0%BC_%D0%86%D0%B2%D0%B0%D0%BD%D0%BE%D0%B2%D0%B8%D1%87
Іван Дзюб,https://uk.wikipedia.org/wiki/%D0%94%D0%B7%D1%8E%D0%B1_%D0%86%D0%B2%D0%B0%D0%BD_%D0%9F%D0%B5%D1%82%D1%80%D0%BE%D0%B2%D0%B8%D1%87
Григорій Філіпчук,https://uk.wikipedia.org/wiki/%D0%A4%D1%96%D0%BB%D1%96%D0%BF%D1%87%D1%83%D0%BA_%D0%93%D1%80%D0%B8%D0%B3%D0%BE%D1%80%D1%96%D0%B9_%D0%9C%D0%B8%D0%BA%D0%BE%D0%BB%D0%B0%D0%B9%D0%BE%D0%B2%D0%B8%D1%87
Леонід Кононович,https://uk.wikipedia.org/wiki/%D0%9A%D0%BE%D0%BD%D0%BE%D0%BD%D0%BE%D0%B2%D0%B8%D1%87_%D0%9B%D0%B5%D0%BE%D0%BD%D1%96%D0%B4_%D0%93%D1%80%D0%B8%D0%B3%D0%BE%D1%80%D0%BE%D0%B2%D0%B8%D1%87
Петро Соколовський,https://uk.wikipedia.org/wiki/%D0%A1%D0%BE%D0%BA%D0%BE%D0%BB%D0%BE%D0%B2%D1%81%D1%8C%D0%BA%D0%B8%D0%B9_%D0%9F%D0%B5%D1%82%D1%80%D0%BE_%D0%A2%D0%B5%D0%BE%D1%84%D1%96%D0%BB%D0%BE%D0%B2%D0%B8%D1%87
Тимур Литовченко,https://uk.wikipedia.org/wiki/%D0%9B%D0%B8%D1%82%D0%BE%D0%B2%D1%87%D0%B5%D0%BD%D0%BA%D0%BE_%D0%A2%D0%B8%D0%BC%D1%83%D1%80_%D0%86%D0%B2%D0%B0%D0%BD%D0%BE%D0%B2%D0%B8%D1%87
Олена Литовченко,
Юрій Мушкетик,https://uk.wikipedia.org/wiki/%D0%9C%D1%83%D1%88%D0%BA%D0%B5%D1%82%D0%B8%D0%BA_%D0%AE%D1%80%D1%96%D0%B9_%D0%9C%D0%B8%D1%85%D0%B0%D0%B9%D0%BB%D0%BE%D0%B2%D0%B8%D1%87
Мар Пінчевський,https://uk.wikipedia.org/wiki/%D0%9F%D1%96%D0%BD%D1%87%D0%B5%D0%B2%D1%81%D1%8C%D0%BA%D0%B8%D0%B9_%D0%9C%D0%B0%D1%80_%D0%9C%D0%B8%D1%85%D0%B0%D0%B9%D0%BB%D0%BE%D0%B2%D0%B8%D1%87
Дара Корній,https://uk.wikipedia.org/wiki/%D0%94%D0%B0%D1%80%D0%B0_%D0%9A%D0%BE%D1%80%D0%BD%D1%96%D0%B9
Божена Антоняк,https://uk.wikipedia.org/wiki/%D0%90%D0%BD%D1%82%D0%BE%D0%BD%D1%8F%D0%BA_%D0%91%D0%BE%D0%B6%D0%B5%D0%BD%D0%B0_%D0%AE%D1%80%D1%96%D1%97%D0%B2%D0%BD%D0%B0
Віктор Бойко,https://uk.wikipedia.org/wiki/%D0%91%D0%BE%D0%B9%D0%BA%D0%BE_%D0%92%D1%96%D0%BA%D1%82%D0%BE%D1%80
Богдан Лепкий,https://uk.wikipedia.org/wiki/%D0%9B%D0%B5%D0%BF%D0%BA%D0%B8%D0%B9_%D0%91%D0%BE%D0%B3%D0%B4%D0%B0%D0%BD_%D0%A1%D0%B8%D0%BB%D1%8C%D0%B2%D0%B5%D1%81%D1%82%D1%80%D0%BE%D0%B2%D0%B8%D1%87
Володимир Малик,https://uk.wikipedia.org/wiki/%D0%9C%D0%B0%D0%BB%D0%B8%D0%BA_%D0%92%D0%BE%D0%BB%D0%BE%D0%B4%D0%B8%D0%BC%D0%B8%D1%80_%D0%9A%D0%B8%D1%80%D0%B8%D0%BB%D0%BE%D0%B2%D0%B8%D1%87
Ірен Роздобудько,https://uk.wikipedia.org/wiki/%D0%A0%D0%BE%D0%B7%D0%B4%D0%BE%D0%B1%D1%83%D0%B4%D1%8C%D0%BA%D0%BE_%D0%86%D1%80%D0%B5%D0%BD_%D0%92%D1%96%D1%82%D0%B0%D0%BB%D1%96%D1%97%D0%B2%D0%BD%D0%B0
Мар'яна Прокопович,https://uk.wikipedia.org/wiki/%D0%9F%D1%80%D0%BE%D0%BA%D0%BE%D0%BF%D0%BE%D0%B2%D0%B8%D1%87_%D0%9C%D0%B0%D1%80%27%D1%8F%D0%BD%D0%B0_%D0%86%D0%B2%D0%B0%D0%BD%D1%96%D0%B2%D0%BD%D0%B0
Микола Руденко,https://uk.wikipedia.org/wiki/%D0%A0%D1%83%D0%B4%D0%B5%D0%BD%D0%BA%D0%BE_%D0%9C%D0%B8%D0%BA%D0%BE%D0%BB%D0%B0_%D0%94%D0%B0%D0%BD%D0%B8%D0%BB%D0%BE%D0%B2%D0%B8%D1%87
Микола Дашкієв,https://uk.wikipedia.org/wiki/%D0%94%D0%B0%D1%88%D0%BA%D1%96%D1%94%D0%B2_%D0%9C%D0%B8%D0%BA%D0%BE%D0%BB%D0%B0_%D0%9E%D0%BB%D0%B5%D0%BA%D1%81%D0%B0%D0%BD%D0%B4%D1%80%D0%BE%D0%B2%D0%B8%D1%87
Наталка Сняданко,https://uk.wikipedia.org/wiki/%D0%A1%D0%BD%D1%8F%D0%B4%D0%B0%D0%BD%D0%BA%D0%BE_%D0%9D%D0%B0%D1%82%D0%B0%D0%BB%D1%8F_%D0%92%D0%BE%D0%BB%D0%BE%D0%B4%D0%B8%D0%BC%D0%B8%D1%80%D1%96%D0%B2%D0%BD%D0%B0
Юрій Андрухович,https://uk.wikipedia.org/wiki/%D0%90%D0%BD%D0%B4%D1%80%D1%83%D1%85%D0%BE%D0%B2%D0%B8%D1%87_%D0%AE%D1%80%D1%96%D0%B9_%D0%86%D0%B3%D0%BE%D1%80%D0%BE%D0%B2%D0%B8%D1%87
Оксана Іваненко,https://uk.wikipedia.org/wiki/%D0%86%D0%B2%D0%B0%D0%BD%D0%B5%D0%BD%D0%BA%D0%BE_%D0%9E%D0%BA%D1%81%D0%B0%D0%BD%D0%B0_%D0%94%D0%BC%D0%B8%D1%82%D1%80%D1%96%D0%B2%D0%BD%D0%B0
Володимир Владко,https://uk.wikipedia.org/wiki/%D0%92%D0%BB%D0%B0%D0%B4%D0%BA%D0%BE_%D0%92%D0%BE%D0%BB%D0%BE%D0%B4%D0%B8%D0%BC%D0%B8%D1%80_%D0%9C%D0%B8%D0%BA%D0%BE%D0%BB%D0%B0%D0%B9%D0%BE%D0%B2%D0%B8%D1%87
Люко Дашвар,https://uk.wikipedia.org/wiki/%D0%9B%D1%8E%D0%BA%D0%BE_%D0%94%D0%B0%D1%88%D0%B2%D0%B0%D1%80
Наталя Михайлівська,
Євгенія Кононенко,https://uk.wikipedia.org/wiki/%D0%9A%D0%BE%D0%BD%D0%BE%D0%BD%D0%B5%D0%BD%D0%BA%D0%BE_%D0%84%D0%B2%D0%B3%D0%B5%D0%BD%D1%96%D1%8F_%D0%90%D0%BD%D0%B0%D1%82%D0%BE%D0%BB%D1%96%D1%97%D0%B2%D0%BD%D0%B0
Брати Капранови,https://uk.wikipedia.org/wiki/%D0%91%D1%80%D0%B0%D1%82%D0%B8_%D0%9A%D0%B0%D0%BF%D1%80%D0%B0%D0%BD%D0%BE%D0%B2%D0%B8
Ярослав Лебеденко,
Василь Шкляр,https://uk.wikipedia.org/wiki/%D0%A8%D0%BA%D0%BB%D1%8F%D1%80_%D0%92%D0%B0%D1%81%D0%B8%D0%BB%D1%8C_%D0%9C%D0%B8%D0%BA%D0%BE%D0%BB%D0%B0%D0%B9%D0%BE%D0%B2%D0%B8%D1%87
Олександр Терех,https://uk.wikipedia.org/wiki/%D0%A2%D0%B5%D1%80%D0%B5%D1%85_%D0%9E%D0%BB%D0%B5%D0%BA%D1%81%D0%B0%D0%BD%D0%B4%D1%80_%D0%86%D0%B2%D0%B0%D0%BD%D0%BE%D0%B2%D0%B8%D1%87
Докія Гуменна,https://uk.wikipedia.org/wiki/%D0%93%D1%83%D0%BC%D0%B5%D0%BD%D0%BD%D0%B0_%D0%94%D0%BE%D0%BA%D1%96%D1%8F_%D0%9A%D1%83%D0%B7%D1%8C%D0%BC%D1%96%D0%B2%D0%BD%D0%B0
Петро Масляк,https://uk.wikipedia.org/wiki/%D0%9C%D0%B0%D1%81%D0%BB%D1%8F%D0%BA_%D0%9F%D0%B5%D1%82%D1%80%D0%BE_%D0%9C%D0%B8%D0%BA%D0%BE%D0%BB%D0%B0%D0%B9%D0%BE%D0%B2%D0%B8%D1%87
Андрій Євса,
Валер'ян Підмогильний,https://uk.wikipedia.org/wiki/%D0%9F%D1%96%D0%B4%D0%BC%D0%BE%D0%B3%D0%B8%D0%BB%D1%8C%D0%BD%D0%B8%D0%B9_%D0%92%D0%B0%D0%BB%D0%B5%D1%80%27%D1%8F%D0%BD_%D0%9F%D0%B5%D1%82%D1%80%D0%BE%D0%B2%D0%B8%D1%87
Анатолій Пітик,
Катерина Грицайчук,
Роман Осадчук,https://uk.wikipedia.org/wiki/%D0%9E%D1%81%D0%B0%D0%B4%D1%87%D1%83%D0%BA_%D0%A0%D0%BE%D0%BC%D0%B0%D0%BD_%D0%9F%D0%B5%D1%82%D1%80%D0%BE%D0%B2%D0%B8%D1%87
Юрій Покальчук,https://uk.wikipedia.org/wiki/%D0%9F%D0%BE%D0%BA%D0%B0%D0%BB%D1%8C%D1%87%D1%83%D0%BA_%D0%AE%D1%80%D1%96%D0%B9_%D0%92%D0%BE%D0%BB%D0%BE%D0%B4%D0%B8%D0%BC%D0%B8%D1%80%D0%BE%D0%B2%D0%B8%D1%87
Володимир Тертишник,https://uk.wikipedia.org/wiki/%D0%A2%D0%B5%D1%80%D1%82%D0%B8%D1%88%D0%BD%D0%B8%D0%BA_%D0%92%D0%BE%D0%BB%D0%BE%D0%B4%D0%B8%D0%BC%D0%B8%D1%80_%D0%9C%D0%B8%D1%82%D1%80%D0%BE%D1%84%D0%B0%D0%BD%D0%BE%D0%B2%D0%B8%D1%87
Михайло Стельмах,https://uk.wikipedia.org/wiki/%D0%A1%D1%82%D0%B5%D0%BB%D1%8C%D0%BC%D0%B0%D1%85_%D0%9C%D0%B8%D1%85%D0%B0%D0%B9%D0%BB%D0%BE_%D0%9F%D0%B0%D0%BD%D0%B0%D1%81%D0%BE%D0%B2%D0%B8%D1%87
Микола Іванов,https://uk.wikipedia.org/wiki/%D0%86%D0%B2%D0%B0%D0%BD%D0%BE%D0%B2_%D0%9C%D0%B8%D0%BA%D0%BE%D0%BB%D0%B0
Любко Дереш,https://uk.wikipedia.org/wiki/%D0%9B%D1%8E%D0%B1%D0%BA%D0%BE_%D0%94%D0%B5%D1%80%D0%B5%D1%88
Володимир Леонтович,https://uk.wikipedia.org/wiki/%D0%9B%D0%B5%D0%BE%D0%BD%D1%82%D0%BE%D0%B2%D0%B8%D1%87_%D0%92%D0%BE%D0%BB%D0%BE%D0%B4%D0%B8%D0%BC%D0%B8%D1%80_%D0%9C%D0%B8%D0%BA%D0%BE%D0%BB%D0%B0%D0%B9%D0%BE%D0%B2%D0%B8%D1%87
Дарія Ярославська,
Іван Рябчій,https://uk.wikipedia.org/wiki/%D0%A0%D1%8F%D0%B1%D1%87%D1%96%D0%B9_%D0%86%D0%B2%D0%B0%D0%BD_%D0%A1%D0%B5%D1%80%D0%B3%D1%96%D0%B9%D0%BE%D0%B2%D0%B8%D1%87
Ольга Кобилянська,https://uk.wikipedia.org/wiki/%D0%9A%D0%BE%D0%B1%D0%B8%D0%BB%D1%8F%D0%BD%D1%81%D1%8C%D0%BA%D0%B0_%D0%9E%D0%BB%D1%8C%D0%B3%D0%B0_%D0%AE%D0%BB%D1%96%D0%B0%D0%BD%D1%96%D0%B2%D0%BD%D0%B0
Юрій Шевельов,https://uk.wikipedia.org/wiki/%D0%A8%D0%B5%D0%B2%D0%B5%D0%BB%D1%8C%D0%BE%D0%B2_%D0%AE%D1%80%D1%96%D0%B9_%D0%92%D0%BE%D0%BB%D0%BE%D0%B4%D0%B8%D0%BC%D0%B8%D1%80%D0%BE%D0%B2%D0%B8%D1%87
Роман Федорів,https://uk.wikipedia.org/wiki/%D0%A4%D0%B5%D0%B4%D0%BE%D1%80%D1%96%D0%B2_%D0%A0%D0%BE%D0%BC%D0%B0%D0%BD_%D0%9C%D0%B8%D0%BA%D0%BE%D0%BB%D0%B0%D0%B9%D0%BE%D0%B2%D0%B8%D1%87
Всеволод Нестайко,https://uk.wikipedia.org/wiki/%D0%9D%D0%B5%D1%81%D1%82%D0%B0%D0%B9%D0%BA%D0%BE_%D0%92%D1%81%D0%B5%D0%B2%D0%BE%D0%BB%D0%BE%D0%B4_%D0%97%D1%96%D0%BD%D0%BE%D0%B2%D1%96%D0%B9%D0%BE%D0%B2%D0%B8%D1%87
Агатангел Кримський,https://uk.wikipedia.org/wiki/%D0%9A%D1%80%D0%B8%D0%BC%D1%81%D1%8C%D0%BA%D0%B8%D0%B9_%D0%90%D0%B3%D0%B0%D1%82%D0%B0%D0%BD%D0%B3%D0%B5%D0%BB_%D0%AE%D1%85%D0%B8%D0%BC%D0%BE%D0%B2%D0%B8%D1%87
Іван Нечуй-Левицький,https://uk.wikipedia.org/wiki/%D0%9D%D0%B5%D1%87%D1%83%D0%B9-%D0%9B%D0%B5%D0%B2%D0%B8%D1%86%D1%8C%D0%BA%D0%B8%D0%B9_%D0%86%D0%B2%D0%B0%D0%BD_%D0%A1%D0%B5%D0%BC%D0%B5%D0%BD%D0%BE%D0%B2%D0%B8%D1%87
Анатолій Шиян,https://uk.wikipedia.org/wiki/%D0%A8%D0%B8%D1%8F%D0%BD_%D0%90%D0%BD%D0%B0%D1%82%D0%BE%D0%BB%D1%96%D0%B9_%D0%86%D0%B2%D0%B0%D0%BD%D0%BE%D0%B2%D0%B8%D1%87
Василь Старко,
Юрій Попсуєнко,
Володимир Єшкілєв,https://uk.wikipedia.org/wiki/%D0%84%D1%88%D0%BA%D1%96%D0%BB%D1%94%D0%B2_%D0%92%D0%BE%D0%BB%D0%BE%D0%B4%D0%B8%D0%BC%D0%B8%D1%80_%D0%9B%D1%8C%D0%B2%D0%BE%D0%B2%D0%B8%D1%87
Михайло Коцюбинський,https://uk.wikipedia.org/wiki/%D0%9A%D0%BE%D1%86%D1%8E%D0%B1%D0%B8%D0%BD%D1%81%D1%8C%D0%BA%D0%B8%D0%B9_%D0%9C%D0%B8%D1%85%D0%B0%D0%B9%D0%BB%D0%BE_%D0%9C%D0%B8%D1%85%D0%B0%D0%B9%D0%BB%D0%BE%D0%B2%D0%B8%D1%87
Микола Дмитренко,https://uk.wikipedia.org/wiki/%D0%94%D0%BC%D0%B8%D1%82%D1%80%D0%B5%D0%BD%D0%BA%D0%BE_%D0%9C%D0%B8%D0%BA%D0%BE%D0%BB%D0%B0_%D0%90%D0%BD%D0%B4%D1%80%D1%96%D0%B9%D0%BE%D0%B2%D0%B8%D1%87
Андрій Химко,https://uk.wikipedia.org/wiki/%D0%A5%D0%B8%D0%BC%D0%B5%D0%BD%D0%BA%D0%BE_%D0%90%D0%BD%D0%B4%D1%80%D1%96%D0%B9_%D0%86%D0%B2%D0%B0%D0%BD%D0%BE%D0%B2%D0%B8%D1%87
Юрій Косач,https://uk.wikipedia.org/wiki/%D0%9A%D0%BE%D1%81%D0%B0%D1%87_%D0%AE%D1%80%D1%96%D0%B9_%D0%9C%D0%B8%D0%BA%D0%BE%D0%BB%D0%B0%D0%B9%D0%BE%D0%B2%D0%B8%D1%87
Анатолій Саган,
Володимир Горбатько,https://uk.wikipedia.org/wiki/%D0%93%D0%BE%D1%80%D0%B1%D0%B0%D1%82%D1%8C%D0%BA%D0%BE_%D0%92%D0%BE%D0%BB%D0%BE%D0%B4%D0%B8%D0%BC%D0%B8%D1%80_%D0%9A%D1%83%D0%B7%D1%8C%D0%BC%D0%B8%D1%87
Ганна Яновська,https://uk.wikipedia.org/wiki/%D0%AF%D0%BD%D0%BE%D0%B2%D1%81%D1%8C%D0%BA%D0%B0_%D0%93%D0%B0%D0%BD%D0%BD%D0%B0
Іван Буше,
Леонід Смілянський,https://uk.wikipedia.org/wiki/%D0%A1%D0%BC%D1%96%D0%BB%D1%8F%D0%BD%D1%81%D1%8C%D0%BA%D0%B8%D0%B9_%D0%9B%D0%B5%D0%BE%D0%BD%D1%96%D0%B4_%D0%86%D0%B2%D0%B0%D0%BD%D0%BE%D0%B2%D0%B8%D1%87
Леопольд Ященко,https://uk.wikipedia.org/wiki/%D0%AF%D1%89%D0%B5%D0%BD%D0%BA%D0%BE_%D0%9B%D0%B5%D0%BE%D0%BF%D0%BE%D0%BB%D1%8C%D0%B4_%D0%86%D0%B2%D0%B0%D0%BD%D0%BE%D0%B2%D0%B8%D1%87
Тимофій Гаврилів,https://uk.wikipedia.org/wiki/%D0%93%D0%B0%D0%B2%D1%80%D0%B8%D0%BB%D1%96%D0%B2_%D0%A2%D0%B8%D0%BC%D0%BE%D1%84%D1%96%D0%B9_%D0%86%D0%B2%D0%B0%D0%BD%D0%BE%D0%B2%D0%B8%D1%87
Сергій Іванюк,
Іван Огієнко,https://uk.wikipedia.org/wiki/%D0%86%D0%BB%D0%B0%D1%80%D1%96%D0%BE%D0%BD_(%D0%9E%D0%B3%D1%96%D1%94%D0%BD%D0%BA%D0%BE)
Юрій Сорока,https://uk.wikipedia.org/wiki/%D0%A1%D0%BE%D1%80%D0%BE%D0%BA%D0%B0_%D0%AE%D1%80%D1%96%D0%B9_%D0%9C%D0%B8%D1%85%D0%B0%D0%B9%D0%BB%D0%BE%D0%B2%D0%B8%D1%87
Василь Шевчук,https://uk.wikipedia.org/wiki/%D0%A8%D0%B5%D0%B2%D1%87%D1%83%D0%BA_%D0%92%D0%B0%D1%81%D0%B8%D0%BB%D1%8C
Валентин Мамутов,
Юрій Дольд-Михайлик,
Григорій Кулінич,
Андрій Поритко,
Оксана Забужко,https://uk.wikipedia.org/wiki/%D0%97%D0%B0%D0%B1%D1%83%D0%B6%D0%BA%D0%BE_%D0%9E%D0%BA%D1%81%D0%B0%D0%BD%D0%B0_%D0%A1%D1%82%D0%B5%D1%84%D0%B0%D0%BD%D1%96%D0%B2%D0%BD%D0%B0
Богдан Когут,https://uk.wikipedia.org/wiki/%D0%9A%D0%BE%D0%B3%D1%83%D1%82_%D0%91%D0%BE%D0%B3%D0%B4%D0%B0%D0%BD
Ростислав Нємцев,
Лариса Денисенко,https://uk.wikipedia.org/wiki/%D0%94%D0%B5%D0%BD%D0%B8%D1%81%D0%B5%D0%BD%D0%BA%D0%BE_%D0%9B%D0%B0%D1%80%D0%B8%D1%81%D0%B0_%D0%92%D0%BE%D0%BB%D0%BE%D0%B4%D0%B8%D0%BC%D0%B8%D1%80%D1%96%D0%B2%D0%BD%D0%B0
Василь Бережний,https://uk.wikipedia.org/wiki/%D0%91%D0%B5%D1%80%D0%B5%D0%B6%D0%BD%D0%B8%D0%B9_%D0%92%D0%B0%D1%81%D0%B8%D0%BB%D1%8C_%D0%9F%D0%B0%D0%B2%D0%BB%D0%BE%D0%B2%D0%B8%D1%87
Сергій Єфремов,https://uk.wikipedia.org/wiki/%D0%84%D1%84%D1%80%D0%B5%D0%BC%D0%BE%D0%B2_%D0%A1%D0%B5%D1%80%D0%B3%D1%96%D0%B9_%D0%9E%D0%BB%D0%B5%D0%BA%D1%81%D0%B0%D0%BD%D0%B4%D1%80%D0%BE%D0%B2%D0%B8%D1%87
Віктор Савченко,https://uk.wikipedia.org/wiki/%D0%A1%D0%B0%D0%B2%D1%87%D0%B5%D0%BD%D0%BA%D0%BE_%D0%92%D1%96%D0%BA%D1%82%D0%BE%D1%80
Борис Грінченко,https://uk.wikipedia.org/wiki/%D0%93%D1%80%D1%96%D0%BD%D1%87%D0%B5%D0%BD%D0%BA%D0%BE_%D0%91%D0%BE%D1%80%D0%B8%D1%81_%D0%94%D0%BC%D0%B8%D1%82%D1%80%D0%BE%D0%B2%D0%B8%D1%87
Олена Замойська,
Свирид Опанасович,https://uk.wikipedia.org/wiki/%D0%A1%D0%B2%D0%B8%D1%80%D0%B8%D0%B4_%D0%9E%D0%BF%D0%B0%D0%BD%D0%B0%D1%81%D0%BE%D0%B2%D0%B8%D1%87
Валентин Струтинський,
Марія Матіос,https://uk.wikipedia.org/wiki/%D0%9C%D0%B0%D1%82%D1%96%D0%BE%D1%81_%D0%9C%D0%B0%D1%80%D1%96%D1%8F_%D0%92%D0%B0%D1%81%D0%B8%D0%BB%D1%96%D0%B2%D0%BD%D0%B0
Юліан Опільський,https://uk.wikipedia.org/wiki/%D0%AE%D0%BB%D1%96%D0%B0%D0%BD_%D0%9E%D0%BF%D1%96%D0%BB%D1%8C%D1%81%D1%8C%D0%BA%D0%B8%D0%B9
Олександр Красюк,https://uk.wikipedia.org/wiki/%D0%9A%D1%80%D0%B0%D1%81%D1%8E%D0%BA_%D0%9E%D0%BB%D0%B5%D0%BA%D1%81%D0%B0%D0%BD%D0%B4%D1%80_%D0%86%D0%B2%D0%B0%D0%BD%D0%BE%D0%B2%D0%B8%D1%87
Надія Гуменюк,https://uk.wikipedia.org/wiki/%D0%93%D1%83%D0%BC%D0%B5%D0%BD%D1%8E%D0%BA_%D0%9D%D0%B0%D0%B4%D1%96%D1%8F_%D0%9F%D0%B0%D0%B2%D0%BB%D1%96%D0%B2%D0%BD%D0%B0
Вадим Хазін,
Роман Малко,
Лора Підгірна,https://uk.wikipedia.org/wiki/%D0%9B%D0%BE%D1%80%D0%B0_%D0%9F%D1%96%D0%B4%D0%B3%D1%96%D1%80%D0%BD%D0%B0
Гнат Хоткевич,https://uk.wikipedia.org/wiki/%D0%A5%D0%BE%D1%82%D0%BA%D0%B5%D0%B2%D0%B8%D1%87_%D0%93%D0%BD%D0%B0%D1%82_%D0%9C%D0%B0%D1%80%D1%82%D0%B8%D0%BD%D0%BE%D0%B2%D0%B8%D1%87
Володимир Дрозд,https://uk.wikipedia.org/wiki/%D0%94%D1%80%D0%BE%D0%B7%D0%B4_%D0%92%D0%BE%D0%BB%D0%BE%D0%B4%D0%B8%D0%BC%D0%B8%D1%80_%D0%93%D1%80%D0%B8%D0%B3%D0%BE%D1%80%D0%BE%D0%B2%D0%B8%D1%87
Олег Король,https://uk.wikipedia.org/wiki/%D0%9A%D0%BE%D1%80%D0%BE%D0%BB%D1%8C_%D0%9E%D0%BB%D0%B5%D0%B3_%D0%91%D0%BE%D0%B3%D0%B4%D0%B0%D0%BD%D0%BE%D0%B2%D0%B8%D1%87
Олександр Крамар,
Євгенія Горева,
Марина Гримич,https://uk.wikipedia.org/wiki/%D0%93%D1%80%D0%B8%D0%BC%D0%B8%D1%87_%D0%9C%D0%B0%D1%80%D0%B8%D0%BD%D0%B0_%D0%92%D1%96%D0%BB%D0%BB%D1%96%D0%B2%D0%BD%D0%B0
Іван Кривуцький,
Олексій Кундзіч,https://uk.wikipedia.org/wiki/%D0%9A%D1%83%D0%BD%D0%B4%D0%B7%D1%96%D1%87_%D0%9E%D0%BB%D0%B5%D0%BA%D1%81%D1%96%D0%B9_%D0%9B%D0%B5%D0%BE%D0%BD%D0%B0%D1%80%D0%B4%D0%BE%D0%B2%D0%B8%D1%87
Володимир Кашин,
Мирослава Горностаєва,
Володимир Романець,
Андрій Содомора,https://uk.wikipedia.org/wiki/%D0%A1%D0%BE%D0%B4%D0%BE%D0%BC%D0%BE%D1%80%D0%B0_%D0%90%D0%BD%D0%B4%D1%80%D1%96%D0%B9_%D0%9E%D0%BB%D0%B5%D0%BA%D1%81%D0%B0%D0%BD%D0%B4%D1%80%D0%BE%D0%B2%D0%B8%D1%87
Степан Ковганюк,
Катерина Гловацька,
Андрій Павлишин,https://uk.wikipedia.org/wiki/%D0%9F%D0%B0%D0%B2%D0%BB%D0%B8%D1%88%D0%B8%D0%BD_%D0%90%D0%BD%D0%B4%D1%80%D1%96%D0%B9_%D0%A1%D1%82%D0%B5%D0%BF%D0%B0%D0%BD%D0%BE%D0%B2%D0%B8%D1%87
Silver Raven,
Ольга Лєнік,
Ігор Росоховатський,https://uk.wikipedia.org/wiki/%D0%A0%D0%BE%D1%81%D0%BE%D1%85%D0%BE%D0%B2%D0%B0%D1%82%D1%81%D1%8C%D0%BA%D0%B8%D0%B9_%D0%86%D0%B3%D0%BE%D1%80_%D0%9C%D0%B0%D1%80%D0%BA%D0%BE%D0%B2%D0%B8%D1%87
Борис Антоненко-Давидович,https://uk.wikipedia.org/wiki/%D0%90%D0%BD%D1%82%D0%BE%D0%BD%D0%B5%D0%BD%D0%BA%D0%BE-%D0%94%D0%B0%D0%B2%D0%B8%D0%B4%D0%BE%D0%B2%D0%B8%D1%87_%D0%91%D0%BE%D1%80%D0%B8%D1%81_%D0%94%D0%BC%D0%B8%D1%82%D1%80%D0%BE%D0%B2%D0%B8%D1%87
Андрій Бондар,https://uk.wikipedia.org/wiki/%D0%91%D0%BE%D0%BD%D0%B4%D0%B0%D1%80_%D0%90%D0%BD%D0%B4%D1%80%D1%96%D0%B9_%D0%92%D0%BE%D0%BB%D0%BE%D0%B4%D0%B8%D0%BC%D0%B8%D1%80%D0%BE%D0%B2%D0%B8%D1%87
Ярослава Дегтяренко,https://uk.wikipedia.org/wiki/%D0%AF%D1%80%D0%BE%D1%81%D0%BB%D0%B0%D0%B2%D0%B0_%D0%94%D0%B5%D0%B3%D1%82%D1%8F%D1%80%D0%B5%D0%BD%D0%BA%D0%BE
Валерій Солдатенко,https://uk.wikipedia.org/wiki/%D0%A1%D0%BE%D0%BB%D0%B4%D0%B0%D1%82%D0%B5%D0%BD%D0%BA%D0%BE_%D0%92%D0%B0%D0%BB%D0%B5%D1%80%D1%96%D0%B9_%D0%A4%D0%B5%D0%B4%D0%BE%D1%80%D0%BE%D0%B2%D0%B8%D1%87
Галина Гордасевич,https://uk.wikipedia.org/wiki/%D0%93%D0%BE%D1%80%D0%B4%D0%B0%D1%81%D0%B5%D0%B2%D0%B8%D1%87_%D0%93%D0%B0%D0%BB%D0%B8%D0%BD%D0%B0_%D0%9B%D0%B5%D0%BE%D0%BD%D1%96%D0%B4%D1%96%D0%B2%D0%BD%D0%B0
Ганна Трегуб,
Михайло Івченко,https://uk.wikipedia.org/wiki/%D0%86%D0%B2%D1%87%D0%B5%D0%BD%D0%BA%D0%BE_%D0%9C%D0%B8%D1%85%D0%B0%D0%B9%D0%BB%D0%BE_%D0%84%D0%B2%D0%B4%D0%BE%D0%BA%D0%B8%D0%BC%D0%BE%D0%B2%D0%B8%D1%87
Микола Лукаш,https://uk.wikipedia.org/wiki/%D0%9B%D1%83%D0%BA%D0%B0%D1%88_%D0%9C%D0%B8%D0%BA%D0%BE%D0%BB%D0%B0_%D0%9E%D0%BB%D0%B5%D0%BA%D1%81%D1%96%D0%B9%D0%BE%D0%B2%D0%B8%D1%87
Євген Положій,https://uk.wikipedia.org/wiki/%D0%9F%D0%BE%D0%BB%D0%BE%D0%B6%D1%96%D0%B9_%D0%84%D0%B2%D0%B3%D0%B5%D0%BD_%D0%92%D1%96%D0%BA%D1%82%D0%BE%D1%80%D0%BE%D0%B2%D0%B8%D1%87
Олександр Корнійчук,https://uk.wikipedia.org/wiki/%D0%9A%D0%BE%D1%80%D0%BD%D1%96%D0%B9%D1%87%D1%83%D0%BA_%D0%9E%D0%BB%D0%B5%D0%BA%D1%81%D0%B0%D0%BD%D0%B4%D1%80_%D0%84%D0%B2%D0%B4%D0%BE%D0%BA%D0%B8%D0%BC%D0%BE%D0%B2%D0%B8%D1%87
Григорій Костюк,https://uk.wikipedia.org/wiki/%D0%9A%D0%BE%D1%81%D1%82%D1%8E%D0%BA_%D0%93%D1%80%D0%B8%D0%B3%D0%BE%D1%80%D1%96%D0%B9
Іван Багряний,https://uk.wikipedia.org/wiki/%D0%86%D0%B2%D0%B0%D0%BD_%D0%91%D0%B0%D0%B3%D1%80%D1%8F%D0%BD%D0%B8%D0%B9
Дмитро Міщенко,https://uk.wikipedia.org/wiki/%D0%9C%D1%96%D1%89%D0%B5%D0%BD%D0%BA%D0%BE_%D0%94%D0%BC%D0%B8%D1%82%D1%80%D0%BE_%D0%9E%D0%BB%D0%B5%D0%BA%D1%81%D1%96%D0%B9%D0%BE%D0%B2%D0%B8%D1%87
Михайло Старицький,https://uk.wikipedia.org/wiki/%D0%A1%D1%82%D0%B0%D1%80%D0%B8%D1%86%D1%8C%D0%BA%D0%B8%D0%B9_%D0%9C%D0%B8%D1%85%D0%B0%D0%B9%D0%BB%D0%BE_%D0%9F%D0%B5%D1%82%D1%80%D0%BE%D0%B2%D0%B8%D1%87
Марія Пригара,https://uk.wikipedia.org/wiki/%D0%9F%D1%80%D0%B8%D0%B3%D0%B0%D1%80%D0%B0_%D0%9C%D0%B0%D1%80%D1%96%D1%8F_%D0%90%D1%80%D0%BA%D0%B0%D0%B4%D1%96%D1%97%D0%B2%D0%BD%D0%B0
Семен Скляренко,https://uk.wikipedia.org/wiki/%D0%A1%D0%BA%D0%BB%D1%8F%D1%80%D0%B5%D0%BD%D0%BA%D0%BE_%D0%A1%D0%B5%D0%BC%D0%B5%D0%BD_%D0%94%D0%BC%D0%B8%D1%82%D1%80%D0%BE%D0%B2%D0%B8%D1%87
Олександр Медведєв,https://uk.wikipedia.org/wiki/%D0%9C%D0%B5%D0%B4%D0%B2%D0%B5%D0%B4%D1%94%D0%B2_%D0%9E%D0%BB%D0%B5%D0%BA%D1%81%D0%B0%D0%BD%D0%B4%D1%80_%D0%AE%D1%80%D1%96%D0%B9%D0%BE%D0%B2%D0%B8%D1%87
Соломія Павличко,https://uk.wikipedia.org/wiki/%D0%9F%D0%B0%D0%B2%D0%BB%D0%B8%D1%87%D0%BA%D0%BE_%D0%A1%D0%BE%D0%BB%D0%BE%D0%BC%D1%96%D1%8F_%D0%94%D0%BC%D0%B8%D1%82%D1%80%D1%96%D0%B2%D0%BD%D0%B0
В'ячеслав Бродовий,
Надія Орлова,
Анжела Кам'янець,
Любомир Шавалюк,
Анатолій Власюк,
Олександр Тесленко,https://uk.wikipedia.org/wiki/%D0%A2%D0%B5%D1%81%D0%BB%D0%B5%D0%BD%D0%BA%D0%BE_%D0%9E%D0%BB%D0%B5%D0%BA%D1%81%D0%B0%D0%BD%D0%B4%D1%80_%D0%9A%D0%BE%D1%81%D1%82%D1%8F%D0%BD%D1%82%D0%B8%D0%BD%D0%BE%D0%B2%D0%B8%D1%87
Наталя Іваничук,https://uk.wikipedia.org/wiki/%D0%86%D0%B2%D0%B0%D0%BD%D0%B8%D1%87%D1%83%D0%BA_%D0%9D%D0%B0%D1%82%D0%B0%D0%BB%D1%96%D1%8F_%D0%A0%D0%BE%D0%BC%D0%B0%D0%BD%D1%96%D0%B2%D0%BD%D0%B0
Максим Яковлєв,https://uk.wikipedia.org/wiki/%D0%AF%D0%BA%D0%BE%D0%B2%D0%BB%D1%94%D0%B2_%D0%9C%D0%B0%D0%BA%D1%81%D0%B8%D0%BC_%D0%9C%D0%B8%D1%85%D0%B0%D0%B9%D0%BB%D0%BE%D0%B2%D0%B8%D1%87
Ірина Потаніна,
Максим Рильський,https://uk.wikipedia.org/wiki/%D0%A0%D0%B8%D0%BB%D1%8C%D1%81%D1%8C%D0%BA%D0%B8%D0%B9_%D0%9C%D0%B0%D0%BA%D1%81%D0%B8%D0%BC_%D0%A2%D0%B0%D0%B4%D0%B5%D0%B9%D0%BE%D0%B2%D0%B8%D1%87
Єлизавета Старинкевич,https://uk.wikipedia.org/wiki/%D0%A1%D1%82%D0%B0%D1%80%D0%B8%D0%BD%D0%BA%D0%B5%D0%B2%D0%B8%D1%87_%D0%84%D0%BB%D0%B8%D0%B7%D0%B0%D0%B2%D0%B5%D1%82%D0%B0_%D0%86%D0%B2%D0%B0%D0%BD%D1%96%D0%B2%D0%BD%D0%B0
Юрій Логвин,https://uk.wikipedia.org/wiki/%D0%9B%D0%BE%D0%B3%D0%B2%D0%B8%D0%BD_%D0%AE%D1%80%D1%96%D0%B9_%D0%93%D1%80%D0%B8%D0%B3%D0%BE%D1%80%D0%BE%D0%B2%D0%B8%D1%87
Любим Копиленко,
Микола Зарудний,https://uk.wikipedia.org/wiki/%D0%97%D0%B0%D1%80%D1%83%D0%B4%D0%BD%D0%B8%D0%B9_%D0%9C%D0%B8%D0%BA%D0%BE%D0%BB%D0%B0_%D0%AF%D0%BA%D0%BE%D0%B2%D0%B8%D1%87
Марина Соколян,https://uk.wikipedia.org/wiki/%D0%A1%D0%BE%D0%BA%D0%BE%D0%BB%D1%8F%D0%BD_%D0%9C%D0%B0%D1%80%D0%B8%D0%BD%D0%B0_%D0%86%D0%B2%D0%B0%D0%BD%D1%96%D0%B2%D0%BD%D0%B0
Олексій Кацай,
Воліна Пасічна,
Микола Трублаїні,https://uk.wikipedia.org/wiki/%D0%A2%D1%80%D1%83%D0%B1%D0%BB%D0%B0%D1%97%D0%BD%D1%96_%D0%9C%D0%B8%D0%BA%D0%BE%D0%BB%D0%B0_%D0%9F%D0%B5%D1%82%D1%80%D0%BE%D0%B2%D0%B8%D1%87
Тарас Прохасько,https://uk.wikipedia.org/wiki/%D0%9F%D1%80%D0%BE%D1%85%D0%B0%D1%81%D1%8C%D0%BA%D0%BE_%D0%A2%D0%B0%D1%80%D0%B0%D1%81_%D0%91%D0%BE%D0%B3%D0%B4%D0%B0%D0%BD%D0%BE%D0%B2%D0%B8%D1%87
Юрій Смолич,https://uk.wikipedia.org/wiki/%D0%A1%D0%BC%D0%BE%D0%BB%D0%B8%D1%87_%D0%AE%D1%80%D1%96%D0%B9_%D0%9A%D0%BE%D1%80%D0%BD%D1%96%D0%B9%D0%BE%D0%B2%D0%B8%D1%87
Галина Грабовська,
Михайло Савлук,
Д. Олесневич,
Олесь Ульяненко,https://uk.wikipedia.org/wiki/%D0%9E%D0%BB%D0%B5%D1%81%D1%8C_%D0%A3%D0%BB%D1%8C%D1%8F%D0%BD%D0%B5%D0%BD%D0%BA%D0%BE
Дмитро Грицюк,
Антін Крушельницький,https://uk.wikipedia.org/wiki/%D0%9A%D1%80%D1%83%D1%88%D0%B5%D0%BB%D1%8C%D0%BD%D0%B8%D1%86%D1%8C%D0%BA%D0%B8%D0%B9_%D0%90%D0%BD%D1%82%D1%96%D0%BD_%D0%92%D0%BE%D0%BB%D0%BE%D0%B4%D0%B8%D1%81%D0%BB%D0%B0%D0%B2%D0%BE%D0%B2%D0%B8%D1%87
Софія Волковецька,
Анна Хома,https://uk.wikipedia.org/wiki/%D0%90%D0%BD%D0%BD%D0%B0_%D0%A5%D0%BE%D0%BC%D0%B0
Юрій Ключковський,https://uk.wikipedia.org/wiki/%D0%9A%D0%BB%D1%8E%D1%87%D0%BA%D0%BE%D0%B2%D1%81%D1%8C%D0%BA%D0%B8%D0%B9_%D0%AE%D1%80%D1%96%D0%B9_%D0%91%D0%BE%D0%B3%D0%B4%D0%B0%D0%BD%D0%BE%D0%B2%D0%B8%D1%87
Наталена Королева,https://uk.wikipedia.org/wiki/%D0%9A%D0%BE%D1%80%D0%BE%D0%BB%D0%B5%D0%B2%D0%B0_%D0%9D%D0%B0%D1%82%D0%B0%D0%BB%D0%B5%D0%BD%D0%B0_%D0%90%D0%BD%D0%B4%D1%80%D1%96%D0%B0%D0%BD%D1%96%D0%B2%D0%BD%D0%B0
Петро Кононенко,
Софія Парфанович,https://uk.wikipedia.org/wiki/%D0%9F%D0%B0%D1%80%D1%84%D0%B0%D0%BD%D0%BE%D0%B2%D0%B8%D1%87_%D0%A1%D0%BE%D1%84%D1%96%D1%8F
Михайло Гродзинський,
Тарас Возняк,https://uk.wikipedia.org/wiki/%D0%92%D0%BE%D0%B7%D0%BD%D1%8F%D0%BA_%D0%A2%D0%B0%D1%80%D0%B0%D1%81_%D0%A1%D1%82%D0%B5%D0%BF%D0%B0%D0%BD%D0%BE%D0%B2%D0%B8%D1%87
Дмитро Донцов,https://uk.wikipedia.org/wiki/%D0%94%D0%BE%D0%BD%D1%86%D0%BE%D0%B2_%D0%94%D0%BC%D0%B8%D1%82%D1%80%D0%BE_%D0%86%D0%B2%D0%B0%D0%BD%D0%BE%D0%B2%D0%B8%D1%87
Мирослав Прокоп,https://uk.wikipedia.org/wiki/%D0%9C%D0%B8%D1%80%D0%BE%D1%81%D0%BB%D0%B0%D0%B2_%D0%9F%D1%80%D0%BE%D0%BA%D0%BE%D0%BF
Олена Любенко,https://uk.wikipedia.org/wiki/%D0%9E%D0%BB%D0%B5%D0%BD%D0%B0_%D0%9B%D1%8E%D0%B1%D0%B5%D0%BD%D0%BA%D0%BE
Олександр Вільчинський,https://uk.wikipedia.org/wiki/%D0%92%D1%96%D0%BB%D1%8C%D1%87%D0%B8%D0%BD%D1%81%D1%8C%D0%BA%D0%B8%D0%B9_%D0%9E%D0%BB%D0%B5%D0%BA%D1%81%D0%B0%D0%BD%D0%B4%D1%80_%D0%9A%D0%B0%D0%B7%D0%B8%D0%BC%D0%B8%D1%80%D0%BE%D0%B2%D0%B8%D1%87
Андрій Лисенко,https://uk.wikipedia.org/wiki/%D0%9B%D0%B8%D1%81%D0%B5%D0%BD%D0%BA%D0%BE_%D0%90%D0%BD%D0%B4%D1%80%D1%96%D0%B9_%D0%9C%D0%B8%D0%BA%D0%BE%D0%BB%D0%B0%D0%B9%D0%BE%D0%B2%D0%B8%D1%87
Євген Сверстюк,https://uk.wikipedia.org/wiki/%D0%A1%D0%B2%D0%B5%D1%80%D1%81%D1%82%D1%8E%D0%BA_%D0%84%D0%B2%D0%B3%D0%B5%D0%BD_%D0%9E%D0%BB%D0%B5%D0%BA%D1%81%D0%B0%D0%BD%D0%B4%D1%80%D0%BE%D0%B2%D0%B8%D1%87
Олекса Синиченко,
Олена Медущенко,
Майк Йогансен,https://uk.wikipedia.org/wiki/%D0%9C%D0%B0%D0%B9%D0%BA_%D0%99%D0%BE%D0%B3%D0%B0%D0%BD%D1%81%D0%B5%D0%BD
Юрій Щербак,https://uk.wikipedia.org/wiki/%D0%A9%D0%B5%D1%80%D0%B1%D0%B0%D0%BA_%D0%AE%D1%80%D1%96%D0%B9_%D0%9C%D0%B8%D0%BA%D0%BE%D0%BB%D0%B0%D0%B9%D0%BE%D0%B2%D0%B8%D1%87
Галина Тарасюк,https://uk.wikipedia.org/wiki/%D0%A2%D0%B0%D1%80%D0%B0%D1%81%D1%8E%D0%BA_%D0%93%D0%B0%D0%BB%D0%B8%D0%BD%D0%B0_%D0%A2%D0%B8%D0%BC%D0%BE%D1%84%D1%96%D1%97%D0%B2%D0%BD%D0%B0
Анатолій Дністровий,https://uk.wikipedia.org/wiki/%D0%90%D0%BD%D0%B0%D1%82%D0%BE%D0%BB%D1%96%D0%B9_%D0%94%D0%BD%D1%96%D1%81%D1%82%D1%80%D0%BE%D0%B2%D0%B8%D0%B9
Олександр Ушкалов,https://uk.wikipedia.org/wiki/%D0%A3%D1%88%D0%BA%D0%B0%D0%BB%D0%BE%D0%B2_%D0%9E%D0%BB%D0%B5%D0%BA%D1%81%D0%B0%D0%BD%D0%B4%D1%80_%D0%9B%D0%B5%D0%BE%D0%BD%D1%96%D0%B4%D0%BE%D0%B2%D0%B8%D1%87
Дмитро Кешеля,
Ірина Вовк,
Аліна Немірова,
Ольга Борисова,
Євген Оксеник,
Павло Насада,
Максим Бакалов,
Володимир Арєнєв,https://uk.wikipedia.org/wiki/%D0%92%D0%BE%D0%BB%D0%BE%D0%B4%D0%B8%D0%BC%D0%B8%D1%80_%D0%90%D1%80%D1%94%D0%BD%D1%94%D0%B2
Микола Зеров,https://uk.wikipedia.org/wiki/%D0%97%D0%B5%D1%80%D0%BE%D0%B2_%D0%9C%D0%B8%D0%BA%D0%BE%D0%BB%D0%B0_%D0%9A%D0%BE%D1%81%D1%82%D1%8F%D0%BD%D1%82%D0%B8%D0%BD%D0%BE%D0%B2%D0%B8%D1%87
Л. С. Долгополова,
Степан Наливайко,https://uk.wikipedia.org/wiki/%D0%9D%D0%B0%D0%BB%D0%B8%D0%B2%D0%B0%D0%B9%D0%BA%D0%BE_%D0%A1%D1%82%D0%B5%D0%BF%D0%B0%D0%BD_%D0%86%D0%B2%D0%B0%D0%BD%D0%BE%D0%B2%D0%B8%D1%87
Станіслав Козлюк,
Валерій Лапікура,
Наталія Лапікура,
Віктор Петров-Домонтович,
Олександр Михельсон,
Олег Чорногуз,https://uk.wikipedia.org/wiki/%D0%A7%D0%BE%D1%80%D0%BD%D0%BE%D0%B3%D1%83%D0%B7_%D0%9E%D0%BB%D0%B5%D0%B3_%D0%A4%D0%B5%D0%B4%D0%BE%D1%80%D0%BE%D0%B2%D0%B8%D1%87
Микола Білкун,https://uk.wikipedia.org/wiki/%D0%91%D1%96%D0%BB%D0%BA%D1%83%D0%BD_%D0%9C%D0%B8%D0%BA%D0%BE%D0%BB%D0%B0_%D0%92%D0%B0%D1%81%D0%B8%D0%BB%D1%8C%D0%BE%D0%B2%D0%B8%D1%87
Лариса Андрієвська,https://uk.wikipedia.org/wiki/%D0%90%D0%BD%D0%B4%D1%80%D1%96%D1%94%D0%B2%D1%81%D1%8C%D0%BA%D0%B0_%D0%9B%D0%B0%D1%80%D0%B8%D1%81%D0%B0
Олександр Буценко,
Вероніка Гладка,https://uk.wikipedia.org/wiki/%D0%9C%D0%BE%D1%80%D0%BE%D0%B7%D0%BE%D0%B2%D0%B0_%D0%92%D0%B5%D1%80%D0%BE%D0%BD%D1%96%D0%BA%D0%B0_%D0%AF%D0%BD%D1%83%D0%B0%D1%80%D1%96%D0%B2%D0%BD%D0%B0
Катерина Корякіна,
Тетяна Малярчук,https://uk.wikipedia.org/wiki/%D0%9C%D0%B0%D0%BB%D1%8F%D1%80%D1%87%D1%83%D0%BA_%D0%A2%D0%B5%D1%82%D1%8F%D0%BD%D0%B0_%D0%92%D0%BE%D0%BB%D0%BE%D0%B4%D0%B8%D0%BC%D0%B8%D1%80%D1%96%D0%B2%D0%BD%D0%B0
Ірина Грабовська,https://uk.wikipedia.org/wiki/%D0%93%D1%80%D0%B0%D0%B1%D0%BE%D0%B2%D1%81%D1%8C%D0%BA%D0%B0_%D0%86%D1%80%D0%B8%D0%BD%D0%B0_%D0%A1%D0%B5%D1%80%D0%B3%D1%96%D1%97%D0%B2%D0%BD%D0%B0
Дзвінка Матіяш,https://uk.wikipedia.org/wiki/%D0%9C%D0%B0%D1%82%D1%96%D1%8F%D1%88_%D0%94%D0%B7%D0%B2%D1%96%D0%BD%D0%BA%D0%B0_%D0%92%D0%B0%D0%BB%D0%B5%D0%BD%D1%82%D0%B8%D0%BD%D1%96%D0%B2%D0%BD%D0%B0
Ірена Карпа,https://uk.wikipedia.org/wiki/%D0%9A%D0%B0%D1%80%D0%BF%D0%B0_%D0%86%D1%80%D0%B5%D0%BD%D0%B0_%D0%86%D0%B3%D0%BE%D1%80%D1%96%D0%B2%D0%BD%D0%B0
Василь Земляк,https://uk.wikipedia.org/wiki/%D0%97%D0%B5%D0%BC%D0%BB%D1%8F%D0%BA_%D0%92%D0%B0%D1%81%D0%B8%D0%BB%D1%8C_%D0%A1%D0%B8%D0%B4%D0%BE%D1%80%D0%BE%D0%B2%D0%B8%D1%87
Станіслав Стеценко,
Дмитро Паламарчук,https://uk.wikipedia.org/wiki/%D0%94%D0%BC%D0%B8%D1%82%D1%80%D0%BE_%D0%9F%D0%B0%D0%BB%D0%B0%D0%BC%D0%B0%D1%80%D1%87%D1%83%D0%BA
Володимир Рутківський,https://uk.wikipedia.org/wiki/%D0%A0%D1%83%D1%82%D0%BA%D1%96%D0%B2%D1%81%D1%8C%D0%BA%D0%B8%D0%B9_%D0%92%D0%BE%D0%BB%D0%BE%D0%B4%D0%B8%D0%BC%D0%B8%D1%80_%D0%93%D1%80%D0%B8%D0%B3%D0%BE%D1%80%D0%BE%D0%B2%D0%B8%D1%87
Юрій Іздрик,https://uk.wikipedia.org/wiki/%D0%86%D0%B7%D0%B4%D1%80%D0%B8%D0%BA_%D0%AE%D1%80%D1%96%D0%B9_%D0%A0%D0%BE%D0%BC%D0%B0%D0%BD%D0%BE%D0%B2%D0%B8%D1%87
Сергій Жадан,https://uk.wikipedia.org/wiki/%D0%96%D0%B0%D0%B4%D0%B0%D0%BD_%D0%A1%D0%B5%D1%80%D0%B3%D1%96%D0%B9_%D0%92%D1%96%D0%BA%D1%82%D0%BE%D1%80%D0%BE%D0%B2%D0%B8%D1%87
Микола Мещеряк,https://uk.wikipedia.org/wiki/%D0%9C%D0%B5%D1%89%D0%B5%D1%80%D1%8F%D0%BA_%D0%9C%D0%B8%D0%BA%D0%BE%D0%BB%D0%B0_%D0%86%D0%B2%D0%B0%D0%BD%D0%BE%D0%B2%D0%B8%D1%87
Галина Вдовиченко,https://uk.wikipedia.org/wiki/%D0%92%D0%B4%D0%BE%D0%B2%D0%B8%D1%87%D0%B5%D0%BD%D0%BA%D0%BE_%D0%93%D0%B0%D0%BB%D0%B8%D0%BD%D0%B0_%D0%9A%D0%BE%D1%81%D1%82%D1%8F%D0%BD%D1%82%D0%B8%D0%BD%D1%96%D0%B2%D0%BD%D0%B0
Сергій Батурин,https://uk.wikipedia.org/wiki/%D0%A1%D0%B5%D1%80%D0%B3%D1%96%D0%B9_%D0%91%D0%B0%D1%82%D1%83%D1%80%D0%B8%D0%BD
Олег Микитенко,
Віктор Омельченко,
Леонід Булаховський,https://uk.wikipedia.org/wiki/%D0%91%D1%83%D0%BB%D0%B0%D1%85%D0%BE%D0%B2%D1%81%D1%8C%D0%BA%D0%B8%D0%B9_%D0%9B%D0%B5%D0%BE%D0%BD%D1%96%D0%B4_%D0%90%D1%80%D1%81%D0%B5%D0%BD%D1%96%D0%B9%D0%BE%D0%B2%D0%B8%D1%87
Леонід Солонько,https://uk.wikipedia.org/wiki/%D0%A1%D0%BE%D0%BB%D0%BE%D0%BD%D1%8C%D0%BA%D0%BE_%D0%9B%D0%B5%D0%BE%D0%BD%D1%96%D0%B4_%D0%A2%D0%B8%D1%85%D0%BE%D0%BD%D0%BE%D0%B2%D0%B8%D1%87
Станіслав Савків,
Юрій Чикирисов,
Василь Королів-Старий,https://uk.wikipedia.org/wiki/%D0%9A%D0%BE%D1%80%D0%BE%D0%BB%D1%96%D0%B2_%D0%92%D0%B0%D1%81%D0%B8%D0%BB%D1%8C_%D0%9A%D0%BE%D1%81%D1%82%D1%8F%D0%BD%D1%82%D0%B8%D0%BD%D0%BE%D0%B2%D0%B8%D1%87
Анатолій Онишко,https://uk.wikipedia.org/wiki/%D0%9E%D0%BD%D0%B8%D1%88%D0%BA%D0%BE_%D0%90%D0%BD%D0%B0%D1%82%D0%BE%D0%BB%D1%96%D0%B9_%D0%92%D0%B0%D1%81%D0%B8%D0%BB%D1%8C%D0%BE%D0%B2%D0%B8%D1%87
В'ячеслав Липинський,https://uk.wikipedia.org/wiki/%D0%9B%D0%B8%D0%BF%D0%B8%D0%BD%D1%81%D1%8C%D0%BA%D0%B8%D0%B9_%D0%92%27%D1%8F%D1%87%D0%B5%D1%81%D0%BB%D0%B0%D0%B2_%D0%9A%D0%B0%D0%B7%D0%B8%D0%BC%D0%B8%D1%80%D0%BE%D0%B2%D0%B8%D1%87
Оксана Дятел,
Наталія Бхіндер,
Костянтин Москалець,https://uk.wikipedia.org/wiki/%D0%9C%D0%BE%D1%81%D0%BA%D0%B0%D0%BB%D0%B5%D1%86%D1%8C_%D0%9A%D0%BE%D1%81%D1%82%D1%8F%D0%BD%D1%82%D0%B8%D0%BD_%D0%92%D1%96%D0%BB%D1%96%D0%B9%D0%BE%D0%B2%D0%B8%D1%87
Микола Дятленко,https://uk.wikipedia.org/wiki/%D0%94%D1%8F%D1%82%D0%BB%D0%B5%D0%BD%D0%BA%D0%BE_%D0%9C%D0%B8%D0%BA%D0%BE%D0%BB%D0%B0_%D0%94%D0%BC%D0%B8%D1%82%D1%80%D0%BE%D0%B2%D0%B8%D1%87
Євген Литвиненко,
Роман Коваль,https://uk.wikipedia.org/wiki/%D0%9A%D0%BE%D0%B2%D0%B0%D0%BB%D1%8C_%D0%A0%D0%BE%D0%BC%D0%B0%D0%BD_%D0%9C%D0%B8%D0%BA%D0%BE%D0%BB%D0%B0%D0%B9%D0%BE%D0%B2%D0%B8%D1%87
Клим Поліщук,https://uk.wikipedia.org/wiki/%D0%9F%D0%BE%D0%BB%D1%96%D1%89%D1%83%D0%BA_%D0%9A%D0%BB%D0%B8%D0%BC_%D0%9B%D0%B0%D0%B2%D1%80%D0%B5%D0%BD%D1%82%D1%96%D0%B9%D0%BE%D0%B2%D0%B8%D1%87
Елеонора Ржевуцька,
Євгенія Рудинська,
Микола Рябчук,https://uk.wikipedia.org/wiki/%D0%A0%D1%8F%D0%B1%D1%87%D1%83%D0%BA_%D0%9C%D0%B8%D0%BA%D0%BE%D0%BB%D0%B0_%D0%AE%D1%80%D1%96%D0%B9%D0%BE%D0%B2%D0%B8%D1%87
Тетяна Окопна,
Богдан Бойчук,https://uk.wikipedia.org/wiki/%D0%91%D0%BE%D0%B3%D0%B4%D0%B0%D0%BD_%D0%91%D0%BE%D0%B9%D1%87%D1%83%D0%BA
Андрій Білецький,https://uk.wikipedia.org/wiki/%D0%91%D1%96%D0%BB%D0%B5%D1%86%D1%8C%D0%BA%D0%B8%D0%B9_%D0%90%D0%BD%D0%B4%D1%80%D1%96%D0%B9_%D0%84%D0%B2%D0%B3%D0%B5%D0%BD%D1%96%D0%B9%D0%BE%D0%B2%D0%B8%D1%87
Микола Хвильовий,https://uk.wikipedia.org/wiki/%D0%9C%D0%B8%D0%BA%D0%BE%D0%BB%D0%B0_%D0%A5%D0%B2%D0%B8%D0%BB%D1%8C%D0%BE%D0%B2%D0%B8%D0%B9
Петро Угляренко,https://uk.wikipedia.org/wiki/%D0%A3%D0%B3%D0%BB%D1%8F%D1%80%D0%B5%D0%BD%D0%BA%D0%BE_%D0%9F%D0%B5%D1%82%D1%80%D0%BE_%D0%92%D0%BE%D0%BB%D0%BE%D0%B4%D0%B8%D0%BC%D0%B8%D1%80%D0%BE%D0%B2%D0%B8%D1%87
Інна Паненко,
Олександр Кетков,
Ярина Каторож,https://uk.wikipedia.org/wiki/%D0%9A%D0%B0%D1%82%D0%BE%D1%80%D0%BE%D0%B6_%D0%AF%D1%80%D0%B8%D0%BD%D0%B0_%D0%A1%D0%BB%D0%B0%D0%B2%D0%BE%D0%BC%D0%B8%D1%80%D1%96%D0%B2%D0%BD%D0%B0
Наталія Одала,
Леонід Тендюк,https://uk.wikipedia.org/wiki/%D0%A2%D0%B5%D0%BD%D0%B4%D1%8E%D0%BA_%D0%9B%D0%B5%D0%BE%D0%BD%D1%96%D0%B4_%D0%9C%D0%B8%D1%85%D0%B0%D0%B9%D0%BB%D0%BE%D0%B2%D0%B8%D1%87
Іван Кошелівець,https://uk.wikipedia.org/wiki/%D0%9A%D0%BE%D1%88%D0%B5%D0%BB%D1%96%D0%B2%D0%B5%D1%86%D1%8C_%D0%86%D0%B2%D0%B0%D0%BD_%D0%9C%D0%B0%D0%BA%D1%81%D0%B8%D0%BC%D0%BE%D0%B2%D0%B8%D1%87
Осип Назарук,https://uk.wikipedia.org/wiki/%D0%9D%D0%B0%D0%B7%D0%B0%D1%80%D1%83%D0%BA_%D0%9E%D1%81%D0%B8%D0%BF_%D0%A2%D0%B0%D0%B4%D0%B5%D0%B9%D0%BE%D0%B2%D0%B8%D1%87
Іван Сварник,
Павло Шарандак,
Юрій Бедзик,https://uk.wikipedia.org/wiki/%D0%91%D0%B5%D0%B4%D0%B7%D0%B8%D0%BA_%D0%AE%D1%80%D1%96%D0%B9_%D0%94%D0%BC%D0%B8%D1%82%D1%80%D0%BE%D0%B2%D0%B8%D1%87
Ніна Смик,https://uk.wikipedia.org/wiki/%D0%A1%D0%BC%D0%B8%D0%BA_%D0%9D%D1%96%D0%BD%D0%B0_%D0%92%D0%B0%D1%81%D0%B8%D0%BB%D1%96%D0%B2%D0%BD%D0%B0
Олесь Донченко,https://uk.wikipedia.org/wiki/%D0%94%D0%BE%D0%BD%D1%87%D0%B5%D0%BD%D0%BA%D0%BE_%D0%9E%D0%BB%D0%B5%D1%81%D1%8C_%D0%92%D0%B0%D1%81%D0%B8%D0%BB%D1%8C%D0%BE%D0%B2%D0%B8%D1%87
Олексій Федосенко,
Максим Бистрицький,https://uk.wikipedia.org/wiki/%D0%91%D0%B8%D1%81%D1%82%D1%80%D0%B8%D1%86%D1%8C%D0%BA%D0%B8%D0%B9_%D0%9C%D0%B0%D0%BA%D1%81%D0%B8%D0%BC_%D0%84%D0%B2%D0%B3%D0%B5%D0%BD%D0%BE%D0%B2%D0%B8%D1%87
Назар Крук (Тетяна Винокурова-Садиченко),
Марія Рябова,
Анатолій Дімаров,https://uk.wikipedia.org/wiki/%D0%90%D0%BD%D0%B0%D1%82%D0%BE%D0%BB%D1%96%D0%B9_%D0%94%D1%96%D0%BC%D0%B0%D1%80%D0%BE%D0%B2
Іван Корсак,https://uk.wikipedia.org/wiki/%D0%9A%D0%BE%D1%80%D1%81%D0%B0%D0%BA_%D0%86%D0%B2%D0%B0%D0%BD_%D0%A4%D0%B5%D0%BE%D0%B4%D0%BE%D1%81%D1%96%D0%B9%D0%BE%D0%B2%D0%B8%D1%87
Віталій Геник,
Катерина Зарембо,
Ірина Стешенко,https://uk.wikipedia.org/wiki/%D0%A1%D1%82%D0%B5%D1%88%D0%B5%D0%BD%D0%BA%D0%BE_%D0%86%D1%80%D0%B8%D0%BD%D0%B0_%D0%86%D0%B2%D0%B0%D0%BD%D1%96%D0%B2%D0%BD%D0%B0
Юрій Макаров,https://uk.wikipedia.org/wiki/%D0%9C%D0%B0%D0%BA%D0%B0%D1%80%D0%BE%D0%B2_%D0%AE%D1%80%D1%96%D0%B9_%D0%92%D0%BE%D0%BB%D0%BE%D0%B4%D0%B8%D0%BC%D0%B8%D1%80%D0%BE%D0%B2%D0%B8%D1%87
Ольга Кочерга,https://uk.wikipedia.org/wiki/%D0%9A%D0%BE%D1%87%D0%B5%D1%80%D0%B3%D0%B0_%D0%9E%D0%BB%D1%8C%D0%B3%D0%B0_%D0%94%D0%BC%D0%B8%D1%82%D1%80%D1%96%D0%B2%D0%BD%D0%B0
Іван Сенченко,https://uk.wikipedia.org/wiki/%D0%A1%D0%B5%D0%BD%D1%87%D0%B5%D0%BD%D0%BA%D0%BE_%D0%86%D0%B2%D0%B0%D0%BD
Андрій Процайло,https://uk.wikipedia.org/wiki/%D0%9F%D1%80%D0%BE%D1%86%D0%B0%D0%B9%D0%BB%D0%BE_%D0%90%D0%BD%D0%B4%D1%80%D1%96%D0%B9
Михайло Івасюк,https://uk.wikipedia.org/wiki/%D0%86%D0%B2%D0%B0%D1%81%D1%8E%D0%BA_%D0%9C%D0%B8%D1%85%D0%B0%D0%B9%D0%BB%D0%BE_%D0%93%D1%80%D0%B8%D0%B3%D0%BE%D1%80%D0%BE%D0%B2%D0%B8%D1%87
Валерій Грузин,
Юрій Лапаєв,
Наталія Доляк,https://uk.wikipedia.org/wiki/%D0%94%D0%BE%D0%BB%D1%8F%D0%BA_%D0%9D%D0%B0%D1%82%D0%B0%D0%BB%D1%96%D1%8F_%D0%AE%D1%80%D1%96%D1%97%D0%B2%D0%BD%D0%B0
Євген Луняк,
Петро Мірчук,https://uk.wikipedia.org/wiki/%D0%9C%D1%96%D1%80%D1%87%D1%83%D0%BA_%D0%9F%D0%B5%D1%82%D1%80%D0%BE_%D0%AE%D1%80%D1%96%D0%B9%D0%BE%D0%B2%D0%B8%D1%87
О. Дем’янчук,
Лесь Мартович,https://uk.wikipedia.org/wiki/%D0%9B%D0%B5%D1%81%D1%8C_%D0%9C%D0%B0%D1%80%D1%82%D0%BE%D0%B2%D0%B8%D1%87
Зиновій Книш,https://uk.wikipedia.org/wiki/%D0%9A%D0%BD%D0%B8%D1%88_%D0%97%D0%B8%D0%BD%D0%BE%D0%B2%D1%96%D0%B9_%D0%9C%D0%B8%D1%85%D0%B0%D0%B9%D0%BB%D0%BE%D0%B2%D0%B8%D1%87
Віктор Ревуха,
Олександр Євтушок,https://uk.wikipedia.org/wiki/%D0%84%D0%B2%D1%82%D1%83%D1%88%D0%BE%D0%BA
Ігор Лосєв,https://uk.wikipedia.org/wiki/%D0%9B%D0%BE%D1%81%D1%94%D0%B2_%D0%86%D0%B3%D0%BE%D1%80_%D0%92%D0%B0%D1%81%D0%B8%D0%BB%D1%8C%D0%BE%D0%B2%D0%B8%D1%87
Сергій Оксеник,https://uk.wikipedia.org/wiki/%D0%86%D0%B2%D0%B0%D0%BD%D1%8E%D0%BA_%D0%A1%D0%B5%D1%80%D0%B3%D1%96%D0%B9_%D0%A1%D0%B5%D0%BC%D0%B5%D0%BD%D0%BE%D0%B2%D0%B8%D1%87
Віктор Ружицький,
Євген Чикаленко,https://uk.wikipedia.org/wiki/%D0%A7%D0%B8%D0%BA%D0%B0%D0%BB%D0%B5%D0%BD%D0%BA%D0%BE_%D0%84%D0%B2%D0%B3%D0%B5%D0%BD_%D0%A5%D0%B0%D1%80%D0%BB%D0%B0%D0%BC%D0%BF%D1%96%D0%B9%D0%BE%D0%B2%D0%B8%D1%87
Роман Андріяшик,https://uk.wikipedia.org/wiki/%D0%90%D0%BD%D0%B4%D1%80%D1%96%D1%8F%D1%88%D0%B8%D0%BA_%D0%A0%D0%BE%D0%BC%D0%B0%D0%BD_%D0%92%D0%B0%D1%81%D0%B8%D0%BB%D1%8C%D0%BE%D0%B2%D0%B8%D1%87
Михайло Рудницький,https://uk.wikipedia.org/wiki/%D0%A0%D1%83%D0%B4%D0%BD%D0%B8%D1%86%D1%8C%D0%BA%D0%B8%D0%B9_%D0%9C%D0%B8%D1%85%D0%B0%D0%B9%D0%BB%D0%BE_%D0%86%D0%B2%D0%B0%D0%BD%D0%BE%D0%B2%D0%B8%D1%87
Катерина Бабкіна,https://uk.wikipedia.org/wiki/%D0%91%D0%B0%D0%B1%D0%BA%D1%96%D0%BD%D0%B0_%D0%9A%D0%B0%D1%82%D0%B5%D1%80%D0%B8%D0%BD%D0%B0_%D0%91%D0%BE%D0%B3%D0%B4%D0%B0%D0%BD%D1%96%D0%B2%D0%BD%D0%B0
Богдан Стасюк,
Оксана Мельник,
Наталія Гурницька,https://uk.wikipedia.org/wiki/%D0%93%D1%83%D1%80%D0%BD%D0%B8%D1%86%D1%8C%D0%BA%D0%B0_%D0%9D%D0%B0%D1%82%D0%B0%D0%BB%D1%96%D1%8F_%D0%97%D0%B5%D0%BD%D0%BE%D0%BD%D1%96%D0%B2%D0%BD%D0%B0
Зоряна Дюг,
Борис Превір,
Василь Лисенко,
Юрій Михайлюк,
Яків Прилипко,
Леонід Первомайський,https://uk.wikipedia.org/wiki/%D0%9F%D0%B5%D1%80%D0%B2%D0%BE%D0%BC%D0%B0%D0%B9%D1%81%D1%8C%D0%BA%D0%B8%D0%B9_%D0%9B%D0%B5%D0%BE%D0%BD%D1%96%D0%B4_%D0%A1%D0%BE%D0%BB%D0%BE%D0%BC%D0%BE%D0%BD%D0%BE%D0%B2%D0%B8%D1%87
Лев Силенко,https://uk.wikipedia.org/wiki/%D0%A1%D0%B8%D0%BB%D0%B5%D0%BD%D0%BA%D0%BE_%D0%9B%D0%B5%D0%B2_%D0%A2%D0%B5%D1%80%D0%B5%D0%BD%D1%82%D1%96%D0%B9%D0%BE%D0%B2%D0%B8%D1%87
Борис Левін,https://uk.wikipedia.org/wiki/%D0%9B%D0%B5%D0%B2%D1%96%D0%BD_%D0%91%D0%BE%D1%80%D0%B8%D1%81_%D0%9D%D0%B0%D1%83%D0%BC%D0%BE%D0%B2%D0%B8%D1%87
Георгій Харченко,
Іван Карпенко-Карий,https://uk.wikipedia.org/wiki/%D0%86%D0%B2%D0%B0%D0%BD_%D0%9A%D0%B0%D1%80%D0%BF%D0%B5%D0%BD%D0%BA%D0%BE-%D0%9A%D0%B0%D1%80%D0%B8%D0%B9
Борис Левандовський,
Олександр Довженко,https://uk.wikipedia.org/wiki/%D0%94%D0%BE%D0%B2%D0%B6%D0%B5%D0%BD%D0%BA%D0%BE_%D0%9E%D0%BB%D0%B5%D0%BA%D1%81%D0%B0%D0%BD%D0%B4%D1%80_%D0%9F%D0%B5%D1%82%D1%80%D0%BE%D0%B2%D0%B8%D1%87
Юрій Прохасько,
Емма Андієвська,https://uk.wikipedia.org/wiki/%D0%95%D0%BC%D0%BC%D0%B0_%D0%90%D0%BD%D0%B4%D1%96%D1%94%D0%B2%D1%81%D1%8C%D0%BA%D0%B0
Федір Маківчук,https://uk.wikipedia.org/wiki/%D0%9C%D0%B0%D0%BA%D1%96%D0%B2%D1%87%D1%83%D0%BA_%D0%A4%D0%B5%D0%B4%D1%96%D1%80_%D0%AE%D1%80%D1%96%D0%B9%D0%BE%D0%B2%D0%B8%D1%87
В'ячеслав Медвідь,https://uk.wikipedia.org/wiki/%D0%9C%D0%B5%D0%B4%D0%B2%D1%96%D0%B4%D1%8C_%D0%92%27%D1%8F%D1%87%D0%B5%D1%81%D0%BB%D0%B0%D0%B2_%D0%93%D1%80%D0%B8%D0%B3%D0%BE%D1%80%D0%BE%D0%B2%D0%B8%D1%87
Богдан Буткевич,
Ігор Андрущенко,
Інна Базилянська,
Наталя Старко,
Ярослав Мельник,https://uk.wikipedia.org/wiki/%D0%9C%D0%B5%D0%BB%D1%8C%D0%BD%D0%B8%D0%BA_%D0%AF%D1%80%D0%BE%D1%81%D0%BB%D0%B0%D0%B2
Євген Куртяк,https://uk.wikipedia.org/wiki/%D0%9A%D1%83%D1%80%D1%82%D1%8F%D0%BA_%D0%84%D0%B2%D0%B3%D0%B5%D0%BD_%D0%93%D1%80%D0%B8%D0%B3%D0%BE%D1%80%D0%BE%D0%B2%D0%B8%D1%87
Ярослава Стріха,https://uk.wikipedia.org/wiki/%D0%A1%D1%82%D1%80%D1%96%D1%85%D0%B0_%D0%AF%D1%80%D0%BE%D1%81%D0%BB%D0%B0%D0%B2%D0%B0_%D0%9C%D0%B0%D0%BA%D1%81%D0%B8%D0%BC%D1%96%D0%B2%D0%BD%D0%B0
Микола Далекий,https://uk.wikipedia.org/wiki/%D0%94%D0%B0%D0%BB%D0%B5%D0%BA%D0%B8%D0%B9_%D0%9C%D0%B8%D0%BA%D0%BE%D0%BB%D0%B0_%D0%9E%D0%BB%D0%B5%D0%BA%D1%81%D0%B0%D0%BD%D0%B4%D1%80%D0%BE%D0%B2%D0%B8%D1%87
Володимир Панченко,
Іван Хоменко,https://uk.wikipedia.org/wiki/%D0%A5%D0%BE%D0%BC%D0%B5%D0%BD%D0%BA%D0%BE
Карина Меньшикова,
Володимир Шаян,https://uk.wikipedia.org/wiki/%D0%A8%D0%B0%D1%8F%D0%BD_%D0%92%D0%BE%D0%BB%D0%BE%D0%B4%D0%B8%D0%BC%D0%B8%D1%80_%D0%9F%D0%B5%D1%82%D1%80%D0%BE%D0%B2%D0%B8%D1%87
Степан Бандера,https://uk.wikipedia.org/wiki/%D0%91%D0%B0%D0%BD%D0%B4%D0%B5%D1%80%D0%B0_%D0%A1%D1%82%D0%B5%D0%BF%D0%B0%D0%BD_%D0%90%D0%BD%D0%B4%D1%80%D1%96%D0%B9%D0%BE%D0%B2%D0%B8%D1%87
Олександр Шевченко,https://uk.wikipedia.org/wiki/%D0%A8%D0%B5%D0%B2%D1%87%D0%B5%D0%BD%D0%BA%D0%BE_%D0%9E%D0%BB%D0%B5%D0%BA%D1%81%D0%B0%D0%BD%D0%B4%D1%80
Наталка Шевченко,
Богдан Коломійчук,https://uk.wikipedia.org/wiki/%D0%9A%D0%BE%D0%BB%D0%BE%D0%BC%D1%96%D0%B9%D1%87%D1%83%D0%BA_%D0%91%D0%BE%D0%B3%D0%B4%D0%B0%D0%BD_%D0%92%D1%96%D0%BA%D1%82%D0%BE%D1%80%D0%BE%D0%B2%D0%B8%D1%87
Петро Дужий,https://uk.wikipedia.org/wiki/%D0%94%D1%83%D0%B6%D0%B8%D0%B9_%D0%9F%D0%B5%D1%82%D1%80%D0%BE_%D0%90%D1%82%D0%B0%D0%BD%D0%B0%D1%81%D1%96%D0%B9%D0%BE%D0%B2%D0%B8%D1%87
Ніна Бічуя,https://uk.wikipedia.org/wiki/%D0%91%D1%96%D1%87%D1%83%D1%8F_%D0%9D%D1%96%D0%BD%D0%B0_%D0%9B%D0%B5%D0%BE%D0%BD%D1%96%D0%B4%D1%96%D0%B2%D0%BD%D0%B0
Андрей Шептицький,https://uk.wikipedia.org/wiki/%D0%90%D0%BD%D0%B4%D1%80%D0%B5%D0%B9_(%D0%A8%D0%B5%D0%BF%D1%82%D0%B8%D1%86%D1%8C%D0%BA%D0%B8%D0%B9)
Олександр Погорілий,
Антон Санченко,https://uk.wikipedia.org/wiki/%D0%A1%D0%B0%D0%BD%D1%87%D0%B5%D0%BD%D0%BA%D0%BE_%D0%90%D0%BD%D1%82%D0%BE%D0%BD_%D0%92%D1%96%D1%82%D0%B0%D0%BB%D1%96%D0%B9%D0%BE%D0%B2%D0%B8%D1%87
Анатолій Сахно,
Уляна Григораш,
Євген Гуцало,https://uk.wikipedia.org/wiki/%D0%93%D1%83%D1%86%D0%B0%D0%BB%D0%BE_%D0%84%D0%B2%D0%B3%D0%B5%D0%BD_%D0%9F%D0%B8%D0%BB%D0%B8%D0%BF%D0%BE%D0%B2%D0%B8%D1%87
Лариса Маєвська,
Леонід Мосендз,https://uk.wikipedia.org/wiki/%D0%9C%D0%BE%D1%81%D0%B5%D0%BD%D0%B4%D0%B7_%D0%9B%D0%B5%D0%BE%D0%BD%D1%96%D0%B4_%D0%9C%D0%B0%D1%80%D0%BA%D0%BE%D0%B2%D0%B8%D1%87
Ксенія Циганчук,
Костянтин Когтянц,
Сидір Сакидон,https://uk.wikipedia.org/wiki/%D0%A1%D0%B0%D0%BA%D0%B8%D0%B4%D0%BE%D0%BD_%D0%A1%D0%B8%D0%B4%D1%96%D1%80_%D0%99%D0%BE%D1%81%D0%B8%D0%BF%D0%BE%D0%B2%D0%B8%D1%87
Євген Тарнавський,
Артем Чех,https://uk.wikipedia.org/wiki/%D0%90%D1%80%D1%82%D0%B5%D0%BC_%D0%A7%D0%B5%D1%85
Є. Т. Марічев,
Мирослав Дочинець,https://uk.wikipedia.org/wiki/%D0%94%D0%BE%D1%87%D0%B8%D0%BD%D0%B5%D1%86%D1%8C_%D0%9C%D0%B8%D1%80%D0%BE%D1%81%D0%BB%D0%B0%D0%B2_%D0%86%D0%B2%D0%B0%D0%BD%D0%BE%D0%B2%D0%B8%D1%87
Лесь Танюк,https://uk.wikipedia.org/wiki/%D0%A2%D0%B0%D0%BD%D1%8E%D0%BA_%D0%9B%D0%B5%D0%BE%D0%BD%D1%96%D0%B4_%D0%A1%D1%82%D0%B5%D0%BF%D0%B0%D0%BD%D0%BE%D0%B2%D0%B8%D1%87
Микола Дуркевич,
Іван Яндола,
Роман Квант,
Степан Масляк,https://uk.wikipedia.org/wiki/%D0%9C%D0%B0%D1%81%D0%BB%D1%8F%D0%BA_%D0%A1%D1%82%D0%B5%D0%BF%D0%B0%D0%BD_%D0%92%D0%BE%D0%BB%D0%BE%D0%B4%D0%B8%D0%BC%D0%B8%D1%80%D0%BE%D0%B2%D0%B8%D1%87
Дмитро Ткач,https://uk.wikipedia.org/wiki/%D0%A2%D0%BA%D0%B0%D1%87_%D0%94%D0%BC%D0%B8%D1%82%D1%80%D0%BE_%D0%92%D0%B0%D1%81%D0%B8%D0%BB%D1%8C%D0%BE%D0%B2%D0%B8%D1%87
Іван Кушнірик,
Володимир Хрущак,
Вадим Собко,https://uk.wikipedia.org/wiki/%D0%A1%D0%BE%D0%B1%D0%BA%D0%BE_%D0%92%D0%B0%D0%B4%D0%B8%D0%BC_%D0%9C%D0%B8%D0%BA%D0%BE%D0%BB%D0%B0%D0%B9%D0%BE%D0%B2%D0%B8%D1%87
Віталій Данмер,
Ганна Буяджи,
Анатолій Муляр,
Денис Казанський,https://uk.wikipedia.org/wiki/%D0%9A%D0%B0%D0%B7%D0%B0%D0%BD%D1%81%D1%8C%D0%BA%D0%B8%D0%B9_%D0%94%D0%B5%D0%BD%D0%B8%D1%81_%D0%92%D1%96%D0%BA%D1%82%D0%BE%D1%80%D0%BE%D0%B2%D0%B8%D1%87
Роман Загоруйко,
Андрій Рєпа,https://uk.wikipedia.org/wiki/%D0%A0%D1%94%D0%BF%D0%B0_%D0%90%D0%BD%D0%B4%D1%80%D1%96%D0%B9_%D0%90%D0%BD%D0%B0%D1%82%D0%BE%D0%BB%D1%96%D0%B9%D0%BE%D0%B2%D0%B8%D1%87
Євген Крижевич,https://uk.wikipedia.org/wiki/%D0%9A%D1%80%D0%B8%D0%B6%D0%B5%D0%B2%D0%B8%D1%87_%D0%84%D0%B2%D0%B3%D0%B5%D0%BD_%D0%94%D0%BC%D0%B8%D1%82%D1%80%D0%BE%D0%B2%D0%B8%D1%87
Євмен Доломан,https://uk.wikipedia.org/wiki/%D0%94%D0%BE%D0%BB%D0%BE%D0%BC%D0%B0%D0%BD_%D0%84%D0%B2%D0%BC%D0%B5%D0%BD_%D0%9C%D0%B8%D1%85%D0%B0%D0%B9%D0%BB%D0%BE%D0%B2%D0%B8%D1%87
Юрій Яновський,https://uk.wikipedia.org/wiki/%D0%AF%D0%BD%D0%BE%D0%B2%D1%81%D1%8C%D0%BA%D0%B8%D0%B9_%D0%AE%D1%80%D1%96%D0%B9_%D0%86%D0%B2%D0%B0%D0%BD%D0%BE%D0%B2%D0%B8%D1%87
Зiнаїда Тулуб,
Олекса Слісаренко,https://uk.wikipedia.org/wiki/%D0%A1%D0%BB%D1%96%D1%81%D0%B0%D1%80%D0%B5%D0%BD%D0%BA%D0%BE_%D0%9E%D0%BB%D0%B5%D0%BA%D1%81%D0%B0_%D0%90%D0%BD%D0%B4%D1%80%D1%96%D0%B9%D0%BE%D0%B2%D0%B8%D1%87
Арсен Паламар,
Олесь Воля,https://uk.wikipedia.org/wiki/%D0%9E%D0%BB%D0%B5%D1%81%D1%8C_%D0%92%D0%BE%D0%BB%D1%8F
Володимир Куч,
Артем Чапай,https://uk.wikipedia.org/wiki/%D0%90%D1%80%D1%82%D0%B5%D0%BC_%D0%A7%D0%B0%D0%BF%D0%B0%D0%B9
Ярослава Івченко,https://uk.wikipedia.org/wiki/%D0%86%D0%B2%D1%87%D0%B5%D0%BD%D0%BA%D0%BE_%D0%AF%D1%80%D0%BE%D1%81%D0%BB%D0%B0%D0%B2%D0%B0_%D0%90%D0%BD%D0%B0%D1%82%D0%BE%D0%BB%D1%96%D1%97%D0%B2%D0%BD%D0%B0
Юрій Пересічанський,
Тетяна Комарова,
Д. Шкрьоба,
Костянтин Матвієнко,https://uk.wikipedia.org/wiki/%D0%9C%D0%B0%D1%82%D0%B2%D1%96%D1%94%D0%BD%D0%BA%D0%BE_%D0%9A%D0%BE%D1%81%D1%82%D1%8F%D0%BD%D1%82%D0%B8%D0%BD_%D0%A1%D1%82%D0%B5%D0%BF%D0%B0%D0%BD%D0%BE%D0%B2%D0%B8%D1%87
Іван Микитенко,https://uk.wikipedia.org/wiki/%D0%9C%D0%B8%D0%BA%D0%B8%D1%82%D0%B5%D0%BD%D0%BA%D0%BE_%D0%86%D0%B2%D0%B0%D0%BD_%D0%9A%D1%96%D0%BD%D0%B4%D1%80%D0%B0%D1%82%D0%BE%D0%B2%D0%B8%D1%87
Ганна Залевська,
Василь Ґренджа-Донський,https://uk.wikipedia.org/wiki/%D2%90%D1%80%D0%B5%D0%BD%D0%B4%D0%B6%D0%B0-%D0%94%D0%BE%D0%BD%D1%81%D1%8C%D0%BA%D0%B8%D0%B9_%D0%92%D0%B0%D1%81%D0%B8%D0%BB%D1%8C_%D0%A1%D1%82%D0%B5%D0%BF%D0%B0%D0%BD%D0%BE%D0%B2%D0%B8%D1%87
Радій Радутний,https://uk.wikipedia.org/wiki/%D0%A0%D0%B0%D0%B4%D1%83%D1%82%D0%BD%D0%B8%D0%B9_%D0%A0%D0%B0%D0%B4%D1%96%D0%B9_%D0%92%D0%BE%D0%BB%D0%BE%D0%B4%D0%B8%D0%BC%D0%B8%D1%80%D0%BE%D0%B2%D0%B8%D1%87
Іван Дзюба,https://uk.wikipedia.org/wiki/%D0%94%D0%B7%D1%8E%D0%B1%D0%B0_%D0%86%D0%B2%D0%B0%D0%BD_%D0%9C%D0%B8%D1%85%D0%B0%D0%B9%D0%BB%D0%BE%D0%B2%D0%B8%D1%87
Ярослав Трінчук,
Галина Герасим,
Олесь Петік,
Юрій Шемшученко,
Юрій Бача,https://uk.wikipedia.org/wiki/%D0%AE%D1%80%D1%96%D0%B9_%D0%91%D0%B0%D1%87%D0%B0
Олена Печорна,https://uk.wikipedia.org/wiki/%D0%9E%D0%BB%D0%B5%D0%BD%D0%B0_%D0%9F%D0%B5%D1%87%D0%BE%D1%80%D0%BD%D0%B0
К. Г. Борисенко,
Андрій Іщенко,
Микола Кривий,
Жанна Безп'ятчук,
Єлена Даскал,
Тарас Бойко,
Н. О. Білецька,
Євген Є,
Антін Мухарський,https://uk.wikipedia.org/wiki/%D0%9C%D1%83%D1%85%D0%B0%D1%80%D1%81%D1%8C%D0%BA%D0%B8%D0%B9_%D0%90%D0%BD%D1%82%D1%96%D0%BD_%D0%94%D0%BC%D0%B8%D1%82%D1%80%D0%BE%D0%B2%D0%B8%D1%87
Алла Сєрова,
Неда Неждана,https://uk.wikipedia.org/wiki/%D0%9D%D0%B5%D0%B4%D0%B0_%D0%9D%D0%B5%D0%B6%D0%B4%D0%B0%D0%BD%D0%B0
Віталій Бендер,https://uk.wikipedia.org/wiki/%D0%91%D0%B5%D0%BD%D0%B4%D0%B5%D1%80_%D0%92%D1%96%D1%82%D0%B0%D0%BB%D1%96%D0%B9_%D0%9F%D0%B5%D1%82%D1%80%D0%BE%D0%B2%D0%B8%D1%87
Софія Андрухович,https://uk.wikipedia.org/wiki/%D0%90%D0%BD%D0%B4%D1%80%D1%83%D1%85%D0%BE%D0%B2%D0%B8%D1%87_%D0%A1%D0%BE%D1%84%D1%96%D1%8F_%D0%AE%D1%80%D1%96%D1%97%D0%B2%D0%BD%D0%B0
Роман Терещенко,https://uk.wikipedia.org/wiki/%D0%A2%D0%B5%D1%80%D0%B5%D1%89%D0%B5%D0%BD%D0%BA%D0%BE_%D0%A0%D0%BE%D0%BC%D0%B0%D0%BD_%D0%9C%D0%B8%D0%BA%D0%BE%D0%BB%D0%B0%D0%B9%D0%BE%D0%B2%D0%B8%D1%87
Дмитро Сепетий,
Микола Голубець,https://uk.wikipedia.org/wiki/%D0%9C%D0%B8%D0%BA%D0%BE%D0%BB%D0%B0_%D0%93%D0%BE%D0%BB%D1%83%D0%B1%D0%B5%D1%86%D1%8C
Анатолій Рибін,
Олександр Кониський,https://uk.wikipedia.org/wiki/%D0%9A%D0%BE%D0%BD%D0%B8%D1%81%D1%8C%D0%BA%D0%B8%D0%B9_%D0%9E%D0%BB%D0%B5%D0%BA%D1%81%D0%B0%D0%BD%D0%B4%D1%80_%D0%AF%D0%BA%D0%BE%D0%B2%D0%B8%D1%87
Ольга Градаускенє,
Олександр Гижа,https://uk.wikipedia.org/wiki/%D0%93%D0%B8%D0%B6%D0%B0_%D0%9E%D0%BB%D0%B5%D0%BA%D1%81%D0%B0%D0%BD%D0%B4%D1%80_%D0%A0%D0%BE%D0%BC%D0%B0%D0%BD%D0%BE%D0%B2%D0%B8%D1%87
Марія Овруцька,
Станіслав Тельнюк,https://uk.wikipedia.org/wiki/%D0%A2%D0%B5%D0%BB%D1%8C%D0%BD%D1%8E%D0%BA_%D0%A1%D1%82%D0%B0%D0%BD%D1%96%D1%81%D0%BB%D0%B0%D0%B2_%D0%92%D0%BE%D0%BB%D0%BE%D0%B4%D0%B8%D0%BC%D0%B8%D1%80%D0%BE%D0%B2%D0%B8%D1%87
Анна Корбут,
Дмитро Стельмах,
Владислав Махонін,
Тарас Олександренко,
Володимир Діброва,https://uk.wikipedia.org/wiki/%D0%94%D1%96%D0%B1%D1%80%D0%BE%D0%B2%D0%B0_%D0%92%D0%BE%D0%BB%D0%BE%D0%B4%D0%B8%D0%BC%D0%B8%D1%80_%D0%93%D0%B5%D0%BE%D1%80%D0%B3%D1%96%D0%B9%D0%BE%D0%B2%D0%B8%D1%87
Олександр Коваленко,https://uk.wikipedia.org/wiki/%D0%9A%D0%BE%D0%B2%D0%B0%D0%BB%D0%B5%D0%BD%D0%BA%D0%BE
Микола Бакума,
Володимир Василюк,
Петро Панч,https://uk.wikipedia.org/wiki/%D0%9F%D0%B0%D0%BD%D1%87_%D0%9F%D0%B5%D1%82%D1%80%D0%BE_%D0%99%D0%BE%D1%81%D0%B8%D0%BF%D0%BE%D0%B2%D0%B8%D1%87
Олесь Досвітній,https://uk.wikipedia.org/wiki/%D0%9E%D0%BB%D0%B5%D1%81%D1%8C_%D0%94%D0%BE%D1%81%D0%B2%D1%96%D1%82%D0%BD%D1%96%D0%B9
Панас Мирний,https://uk.wikipedia.org/wiki/%D0%9F%D0%B0%D0%BD%D0%B0%D1%81_%D0%9C%D0%B8%D1%80%D0%BD%D0%B8%D0%B9
Раїса Іванченко,https://uk.wikipedia.org/wiki/%D0%86%D0%B2%D0%B0%D0%BD%D1%87%D0%B5%D0%BD%D0%BA%D0%BE_%D0%A0%D0%B0%D1%97%D1%81%D0%B0_%D0%9F%D0%B5%D1%82%D1%80%D1%96%D0%B2%D0%BD%D0%B0
Олександр Іванілов,
Сергій Крикун,
Любов Котляр,
Алла Лазарєва,
Василь Кожелянко,https://uk.wikipedia.org/wiki/%D0%9A%D0%BE%D0%B6%D0%B5%D0%BB%D1%8F%D0%BD%D0%BA%D0%BE_%D0%92%D0%B0%D1%81%D0%B8%D0%BB%D1%8C_%D0%94%D0%BC%D0%B8%D1%82%D1%80%D0%BE%D0%B2%D0%B8%D1%87
Роман Зіненко,https://uk.wikipedia.org/wiki/%D0%97%D1%96%D0%BD%D0%B5%D0%BD%D0%BA%D0%BE_%D0%A0%D0%BE%D0%BC%D0%B0%D0%BD_%D0%90%D0%BD%D0%B0%D1%82%D0%BE%D0%BB%D1%96%D0%B9%D0%BE%D0%B2%D0%B8%D1%87
Леонід Кучма,https://uk.wikipedia.org/wiki/%D0%9A%D1%83%D1%87%D0%BC%D0%B0_%D0%9B%D0%B5%D0%BE%D0%BD%D1%96%D0%B4_%D0%94%D0%B0%D0%BD%D0%B8%D0%BB%D0%BE%D0%B2%D0%B8%D1%87
Олександр Олесь,https://uk.wikipedia.org/wiki/%D0%9E%D0%BB%D0%B5%D0%BA%D1%81%D0%B0%D0%BD%D0%B4%D1%80_%D0%9E%D0%BB%D0%B5%D1%81%D1%8C
Грицько Купецький,
Дмитро Чижевський,https://uk.wikipedia.org/wiki/%D0%A7%D0%B8%D0%B6%D0%B5%D0%B2%D1%81%D1%8C%D0%BA%D0%B8%D0%B9_%D0%94%D0%BC%D0%B8%D1%82%D1%80%D0%BE_%D0%86%D0%B2%D0%B0%D0%BD%D0%BE%D0%B2%D0%B8%D1%87
Віталій Надурак,
Володимир Соботович,
Анатолій Єрмоленко,
Ірина Малевич,
Галина Кирпа,https://uk.wikipedia.org/wiki/%D0%9A%D0%B8%D1%80%D0%BF%D0%B0_%D0%93%D0%B0%D0%BB%D0%B8%D0%BD%D0%B0_%D0%9C%D0%B8%D0%BA%D0%BE%D0%BB%D0%B0%D1%97%D0%B2%D0%BD%D0%B0
Віль Гримич,
Володимир Криницький,
Ростислав Семків,https://uk.wikipedia.org/wiki/%D0%A1%D0%B5%D0%BC%D0%BA%D1%96%D0%B2_%D0%A0%D0%BE%D1%81%D1%82%D0%B8%D1%81%D0%BB%D0%B0%D0%B2_%D0%90%D0%BD%D0%B4%D1%80%D1%96%D0%B9%D0%BE%D0%B2%D0%B8%D1%87
Анастасія Левкова,
Микола Галаган,https://uk.wikipedia.org/wiki/%D2%90%D0%B0%D0%BB%D0%B0%D2%91%D0%B0%D0%BD_%D0%9C%D0%B8%D0%BA%D0%BE%D0%BB%D0%B0_%D0%9C%D0%B8%D1%85%D0%B0%D0%B9%D0%BB%D0%BE%D0%B2%D0%B8%D1%87
Богдан Гавришків,
Анна Штефан,
Віра Назаренко,
Міла Іванцова,https://uk.wikipedia.org/wiki/%D0%9C%D1%96%D0%BB%D0%B0_%D0%86%D0%B2%D0%B0%D0%BD%D1%86%D0%BE%D0%B2%D0%B0
Марія Савчин,https://uk.wikipedia.org/wiki/%D0%A1%D0%B0%D0%B2%D1%87%D0%B8%D0%BD_%D0%9C%D0%B0%D1%80%D1%96%D1%8F_%D0%9F%D0%B5%D1%82%D1%80%D1%96%D0%B2%D0%BD%D0%B0
Оксана Грабовська,
Олександра Коцюба,
Ярослав Грицак,https://uk.wikipedia.org/wiki/%D0%93%D1%80%D0%B8%D1%86%D0%B0%D0%BA_%D0%AF%D1%80%D0%BE%D1%81%D0%BB%D0%B0%D0%B2_%D0%99%D0%BE%D1%81%D0%B8%D0%BF%D0%BE%D0%B2%D0%B8%D1%87
Галина Синєока,
Григорій Кочур,https://uk.wikipedia.org/wiki/%D0%9A%D0%BE%D1%87%D1%83%D1%80_%D0%93%D1%80%D0%B8%D0%B3%D0%BE%D1%80%D1%96%D0%B9_%D0%9F%D0%BE%D1%80%D1%84%D0%B8%D1%80%D0%BE%D0%B2%D0%B8%D1%87
Олекса Ізарський,
Дмитро Білий,https://uk.wikipedia.org/wiki/%D0%91%D1%96%D0%BB%D0%B8%D0%B9_%D0%94%D0%BC%D0%B8%D1%82%D1%80%D0%BE_%D0%94%D0%BC%D0%B8%D1%82%D1%80%D0%BE%D0%B2%D0%B8%D1%87
Любов Пилаєва,
Анастасія Нікуліна,https://uk.wikipedia.org/wiki/%D0%9D%D1%96%D0%BA%D1%83%D0%BB%D1%96%D0%BD%D0%B0_%D0%90%D0%BD%D0%B0%D1%81%D1%82%D0%B0%D1%81%D1%96%D1%8F_%D0%9E%D0%BB%D0%B5%D0%B3%D1%96%D0%B2%D0%BD%D0%B0
Борис Харчук,https://uk.wikipedia.org/wiki/%D0%A5%D0%B0%D1%80%D1%87%D1%83%D0%BA_%D0%91%D0%BE%D1%80%D0%B8%D1%81_%D0%9C%D0%B8%D0%BA%D0%B8%D1%82%D0%BE%D0%B2%D0%B8%D1%87
Іван Маненко,
Федір Одрач,https://uk.wikipedia.org/wiki/%D0%A4%D0%B5%D0%B4%D1%96%D1%80_%D0%9E%D0%B4%D1%80%D0%B0%D1%87
Йосип Фельдштейн,
Іван Гречанівський,
Еміль Хоменко,
Микита Шумило,https://uk.wikipedia.org/wiki/%D0%A8%D1%83%D0%BC%D0%B8%D0%BB%D0%BE_%D0%9C%D0%B8%D0%BA%D0%B8%D1%82%D0%B0_%D0%9C%D0%B8%D1%85%D0%B5%D0%B9%D0%BE%D0%B2%D0%B8%D1%87
Євген Михайлюк,
Олег Романчук,https://uk.wikipedia.org/wiki/%D0%A0%D0%BE%D0%BC%D0%B0%D0%BD%D1%87%D1%83%D0%BA_%D0%9E%D0%BB%D0%B5%D0%B3_%D0%9A%D0%BE%D1%81%D1%82%D1%8F%D0%BD%D1%82%D0%B8%D0%BD%D0%BE%D0%B2%D0%B8%D1%87
Леонтій Войтович,https://uk.wikipedia.org/wiki/%D0%92%D0%BE%D0%B9%D1%82%D0%BE%D0%B2%D0%B8%D1%87_%D0%9B%D0%B5%D0%BE%D0%BD%D1%82%D1%96%D0%B9_%D0%92%D1%96%D0%BA%D1%82%D0%BE%D1%80%D0%BE%D0%B2%D0%B8%D1%87
Олександр Вареник,
Наталя Вишневська,
Ольга Косач-Кривинюк,https://uk.wikipedia.org/wiki/%D0%9A%D0%BE%D1%81%D0%B0%D1%87-%D0%9A%D1%80%D0%B8%D0%B2%D0%B8%D0%BD%D1%8E%D0%BA_%D0%9E%D0%BB%D1%8C%D0%B3%D0%B0_%D0%9F%D0%B5%D1%82%D1%80%D1%96%D0%B2%D0%BD%D0%B0
Остап Українець,https://uk.wikipedia.org/wiki/%D0%A3%D0%BA%D1%80%D0%B0%D1%97%D0%BD%D0%B5%D1%86%D1%8C_%D0%9E%D1%81%D1%82%D0%B0%D0%BF_%D0%92%D1%96%D1%82%D0%B0%D0%BB%D1%96%D0%B9%D0%BE%D0%B2%D0%B8%D1%87
Михайло Литвинець,https://uk.wikipedia.org/wiki/%D0%9B%D0%B8%D1%82%D0%B2%D0%B8%D0%BD%D0%B5%D1%86%D1%8C_%D0%9C%D0%B8%D1%85%D0%B0%D0%B9%D0%BB%D0%BE_%D0%86%D0%B2%D0%B0%D0%BD%D0%BE%D0%B2%D0%B8%D1%87
Світлана Пиркало,https://uk.wikipedia.org/wiki/%D0%9F%D0%B8%D1%80%D0%BA%D0%B0%D0%BB%D0%BE_%D0%A1%D0%B2%D1%96%D1%82%D0%BB%D0%B0%D0%BD%D0%B0_%D0%92%D1%8F%D1%87%D0%B5%D1%81%D0%BB%D0%B0%D0%B2%D1%96%D0%B2%D0%BD%D0%B0
Олена Фешовець,https://uk.wikipedia.org/wiki/%D0%A4%D0%B5%D1%88%D0%BE%D0%B2%D0%B5%D1%86%D1%8C_%D0%9E%D0%BB%D0%B5%D0%BD%D0%B0_%D0%92%D0%B0%D1%81%D0%B8%D0%BB%D1%96%D0%B2%D0%BD%D0%B0
Веніамін Росін,
Владлен Суслов,
Микола Сиротюк,https://uk.wikipedia.org/wiki/%D0%A1%D0%B8%D1%80%D0%BE%D1%82%D1%8E%D0%BA_%D0%9C%D0%B8%D0%BA%D0%BE%D0%BB%D0%B0_%D0%99%D0%BE%D1%81%D0%B8%D0%BF%D0%BE%D0%B2%D0%B8%D1%87
Ірина Бондар,
Василь Рубан,https://uk.wikipedia.org/wiki/%D0%A0%D1%83%D0%B1%D0%B0%D0%BD_%D0%92%D0%B0%D1%81%D0%B8%D0%BB%D1%8C_%D0%93%D1%80%D0%B8%D0%B3%D0%BE%D1%80%D0%BE%D0%B2%D0%B8%D1%87
Марко Зісман,
Олег Покальчук,https://uk.wikipedia.org/wiki/%D0%9F%D0%BE%D0%BA%D0%B0%D0%BB%D1%8C%D1%87%D1%83%D0%BA_%D0%9E%D0%BB%D0%B5%D0%B3_%D0%92%D0%BE%D0%BB%D0%BE%D0%B4%D0%B8%D0%BC%D0%B8%D1%80%D0%BE%D0%B2%D0%B8%D1%87
Максим Бутченко,
Світлана Поваляєва,https://uk.wikipedia.org/wiki/%D0%9F%D0%BE%D0%B2%D0%B0%D0%BB%D1%8F%D1%94%D0%B2%D0%B0_%D0%A1%D0%B2%D1%96%D1%82%D0%BB%D0%B0%D0%BD%D0%B0_%D0%92%D0%B0%D0%B4%D0%B8%D0%BC%D1%96%D0%B2%D0%BD%D0%B0
Микола Вінграновський,https://uk.wikipedia.org/wiki/%D0%92%D1%96%D0%BD%D0%B3%D1%80%D0%B0%D0%BD%D0%BE%D0%B2%D1%81%D1%8C%D0%BA%D0%B8%D0%B9_%D0%9C%D0%B8%D0%BA%D0%BE%D0%BB%D0%B0_%D0%A1%D1%82%D0%B5%D0%BF%D0%B0%D0%BD%D0%BE%D0%B2%D0%B8%D1%87
Василь Саган,
Наталія Версаль,
Юлія Микитюк,https://uk.wikipedia.org/wiki/%D0%AE%D0%BB%D1%96%D1%8F_%D0%9C%D0%B8%D0%BA%D0%B8%D1%82%D1%8E%D0%BA
Степан Процюк,https://uk.wikipedia.org/wiki/%D0%9F%D1%80%D0%BE%D1%86%D1%8E%D0%BA_%D0%A1%D1%82%D0%B5%D0%BF%D0%B0%D0%BD_%D0%92%D0%B0%D1%81%D0%B8%D0%BB%D1%8C%D0%BE%D0%B2%D0%B8%D1%87
Людмила Коваленко-Івченко,
Євген Жердій,
Юрій Лісня,
